,label,age,session
0,airplane,adult,unknown
1,airplane,adult,unknown
2,airplane,adult,unknown
3,airplane,adult,unknown
4,airplane,adult,unknown
5,airplane,adult,unknown
6,airplane,adult,unknown
7,airplane,adult,unknown
8,airplane,adult,unknown
9,airplane,adult,unknown
10,airplane,adult,unknown
11,airplane,adult,unknown
12,airplane,adult,unknown
13,airplane,adult,unknown
14,airplane,adult,unknown
15,airplane,adult,unknown
16,airplane,adult,unknown
17,airplane,adult,unknown
18,airplane,adult,unknown
19,airplane,adult,unknown
20,airplane,adult,unknown
21,airplane,adult,unknown
22,airplane,adult,unknown
23,airplane,adult,unknown
24,airplane,adult,unknown
25,airplane,adult,unknown
26,airplane,adult,unknown
27,airplane,adult,unknown
28,airplane,adult,unknown
29,airplane,adult,unknown
30,airplane,adult,unknown
31,airplane,adult,unknown
32,airplane,adult,unknown
33,airplane,adult,unknown
34,airplane,adult,unknown
35,airplane,adult,unknown
36,airplane,adult,unknown
37,airplane,adult,unknown
38,airplane,adult,unknown
39,airplane,adult,unknown
40,airplane,adult,unknown
41,airplane,adult,unknown
42,airplane,adult,unknown
43,airplane,adult,unknown
44,airplane,adult,unknown
45,airplane,adult,unknown
46,airplane,adult,unknown
47,airplane,adult,unknown
48,airplane,adult,unknown
49,airplane,adult,unknown
50,airplane,adult,unknown
51,airplane,adult,unknown
52,airplane,adult,unknown
53,airplane,adult,unknown
54,airplane,adult,unknown
55,airplane,adult,unknown
56,airplane,adult,unknown
57,airplane,adult,unknown
58,airplane,adult,unknown
59,airplane,adult,unknown
60,airplane,adult,unknown
61,airplane,adult,unknown
62,airplane,adult,unknown
63,airplane,adult,unknown
64,airplane,adult,unknown
65,airplane,adult,unknown
66,airplane,adult,unknown
67,airplane,adult,unknown
68,airplane,adult,unknown
69,airplane,adult,unknown
70,airplane,adult,unknown
71,airplane,adult,unknown
72,airplane,adult,unknown
73,airplane,adult,unknown
74,airplane,adult,unknown
75,airplane,adult,unknown
76,airplane,adult,unknown
77,airplane,adult,unknown
78,airplane,adult,unknown
79,airplane,adult,unknown
80,airplane,adult,unknown
81,airplane,adult,unknown
82,airplane,adult,unknown
83,airplane,adult,unknown
84,airplane,adult,unknown
85,airplane,adult,unknown
86,airplane,adult,unknown
87,airplane,adult,unknown
88,airplane,adult,unknown
89,airplane,adult,unknown
90,airplane,adult,unknown
91,airplane,adult,unknown
92,airplane,adult,unknown
93,airplane,adult,unknown
94,airplane,adult,unknown
95,airplane,adult,unknown
96,airplane,adult,unknown
97,airplane,adult,unknown
98,airplane,adult,unknown
99,airplane,adult,unknown
100,apple,adult,unknown
101,apple,adult,unknown
102,apple,adult,unknown
103,apple,adult,unknown
104,apple,adult,unknown
105,apple,adult,unknown
106,apple,adult,unknown
107,apple,adult,unknown
108,apple,adult,unknown
109,apple,adult,unknown
110,apple,adult,unknown
111,apple,adult,unknown
112,apple,adult,unknown
113,apple,adult,unknown
114,apple,adult,unknown
115,apple,adult,unknown
116,apple,adult,unknown
117,apple,adult,unknown
118,apple,adult,unknown
119,apple,adult,unknown
120,apple,adult,unknown
121,apple,adult,unknown
122,apple,adult,unknown
123,apple,adult,unknown
124,apple,adult,unknown
125,apple,adult,unknown
126,apple,adult,unknown
127,apple,adult,unknown
128,apple,adult,unknown
129,apple,adult,unknown
130,apple,adult,unknown
131,apple,adult,unknown
132,apple,adult,unknown
133,apple,adult,unknown
134,apple,adult,unknown
135,apple,adult,unknown
136,apple,adult,unknown
137,apple,adult,unknown
138,apple,adult,unknown
139,apple,adult,unknown
140,apple,adult,unknown
141,apple,adult,unknown
142,apple,adult,unknown
143,apple,adult,unknown
144,apple,adult,unknown
145,apple,adult,unknown
146,apple,adult,unknown
147,apple,adult,unknown
148,apple,adult,unknown
149,apple,adult,unknown
150,apple,adult,unknown
151,apple,adult,unknown
152,apple,adult,unknown
153,apple,adult,unknown
154,apple,adult,unknown
155,apple,adult,unknown
156,apple,adult,unknown
157,apple,adult,unknown
158,apple,adult,unknown
159,apple,adult,unknown
160,apple,adult,unknown
161,apple,adult,unknown
162,apple,adult,unknown
163,apple,adult,unknown
164,apple,adult,unknown
165,apple,adult,unknown
166,apple,adult,unknown
167,apple,adult,unknown
168,apple,adult,unknown
169,apple,adult,unknown
170,apple,adult,unknown
171,apple,adult,unknown
172,apple,adult,unknown
173,apple,adult,unknown
174,apple,adult,unknown
175,apple,adult,unknown
176,apple,adult,unknown
177,apple,adult,unknown
178,apple,adult,unknown
179,apple,adult,unknown
180,apple,adult,unknown
181,apple,adult,unknown
182,apple,adult,unknown
183,apple,adult,unknown
184,apple,adult,unknown
185,apple,adult,unknown
186,apple,adult,unknown
187,apple,adult,unknown
188,apple,adult,unknown
189,apple,adult,unknown
190,apple,adult,unknown
191,apple,adult,unknown
192,apple,adult,unknown
193,apple,adult,unknown
194,apple,adult,unknown
195,apple,adult,unknown
196,apple,adult,unknown
197,apple,adult,unknown
198,apple,adult,unknown
199,apple,adult,unknown
200,banana,adult,unknown
201,banana,adult,unknown
202,banana,adult,unknown
203,banana,adult,unknown
204,banana,adult,unknown
205,banana,adult,unknown
206,banana,adult,unknown
207,banana,adult,unknown
208,banana,adult,unknown
209,banana,adult,unknown
210,banana,adult,unknown
211,banana,adult,unknown
212,banana,adult,unknown
213,banana,adult,unknown
214,banana,adult,unknown
215,banana,adult,unknown
216,banana,adult,unknown
217,banana,adult,unknown
218,banana,adult,unknown
219,banana,adult,unknown
220,banana,adult,unknown
221,banana,adult,unknown
222,banana,adult,unknown
223,banana,adult,unknown
224,banana,adult,unknown
225,banana,adult,unknown
226,banana,adult,unknown
227,banana,adult,unknown
228,banana,adult,unknown
229,banana,adult,unknown
230,banana,adult,unknown
231,banana,adult,unknown
232,banana,adult,unknown
233,banana,adult,unknown
234,banana,adult,unknown
235,banana,adult,unknown
236,banana,adult,unknown
237,banana,adult,unknown
238,banana,adult,unknown
239,banana,adult,unknown
240,banana,adult,unknown
241,banana,adult,unknown
242,banana,adult,unknown
243,banana,adult,unknown
244,banana,adult,unknown
245,banana,adult,unknown
246,banana,adult,unknown
247,banana,adult,unknown
248,banana,adult,unknown
249,banana,adult,unknown
250,banana,adult,unknown
251,banana,adult,unknown
252,banana,adult,unknown
253,banana,adult,unknown
254,banana,adult,unknown
255,banana,adult,unknown
256,banana,adult,unknown
257,banana,adult,unknown
258,banana,adult,unknown
259,banana,adult,unknown
260,banana,adult,unknown
261,banana,adult,unknown
262,banana,adult,unknown
263,banana,adult,unknown
264,banana,adult,unknown
265,banana,adult,unknown
266,banana,adult,unknown
267,banana,adult,unknown
268,banana,adult,unknown
269,banana,adult,unknown
270,banana,adult,unknown
271,banana,adult,unknown
272,banana,adult,unknown
273,banana,adult,unknown
274,banana,adult,unknown
275,banana,adult,unknown
276,banana,adult,unknown
277,banana,adult,unknown
278,banana,adult,unknown
279,banana,adult,unknown
280,banana,adult,unknown
281,banana,adult,unknown
282,banana,adult,unknown
283,banana,adult,unknown
284,banana,adult,unknown
285,banana,adult,unknown
286,banana,adult,unknown
287,banana,adult,unknown
288,banana,adult,unknown
289,banana,adult,unknown
290,banana,adult,unknown
291,banana,adult,unknown
292,banana,adult,unknown
293,banana,adult,unknown
294,banana,adult,unknown
295,banana,adult,unknown
296,banana,adult,unknown
297,banana,adult,unknown
298,banana,adult,unknown
299,banana,adult,unknown
300,bear,adult,unknown
301,bear,adult,unknown
302,bear,adult,unknown
303,bear,adult,unknown
304,bear,adult,unknown
305,bear,adult,unknown
306,bear,adult,unknown
307,bear,adult,unknown
308,bear,adult,unknown
309,bear,adult,unknown
310,bear,adult,unknown
311,bear,adult,unknown
312,bear,adult,unknown
313,bear,adult,unknown
314,bear,adult,unknown
315,bear,adult,unknown
316,bear,adult,unknown
317,bear,adult,unknown
318,bear,adult,unknown
319,bear,adult,unknown
320,bear,adult,unknown
321,bear,adult,unknown
322,bear,adult,unknown
323,bear,adult,unknown
324,bear,adult,unknown
325,bear,adult,unknown
326,bear,adult,unknown
327,bear,adult,unknown
328,bear,adult,unknown
329,bear,adult,unknown
330,bear,adult,unknown
331,bear,adult,unknown
332,bear,adult,unknown
333,bear,adult,unknown
334,bear,adult,unknown
335,bear,adult,unknown
336,bear,adult,unknown
337,bear,adult,unknown
338,bear,adult,unknown
339,bear,adult,unknown
340,bear,adult,unknown
341,bear,adult,unknown
342,bear,adult,unknown
343,bear,adult,unknown
344,bear,adult,unknown
345,bear,adult,unknown
346,bear,adult,unknown
347,bear,adult,unknown
348,bear,adult,unknown
349,bear,adult,unknown
350,bear,adult,unknown
351,bear,adult,unknown
352,bear,adult,unknown
353,bear,adult,unknown
354,bear,adult,unknown
355,bear,adult,unknown
356,bear,adult,unknown
357,bear,adult,unknown
358,bear,adult,unknown
359,bear,adult,unknown
360,bear,adult,unknown
361,bear,adult,unknown
362,bear,adult,unknown
363,bear,adult,unknown
364,bear,adult,unknown
365,bear,adult,unknown
366,bear,adult,unknown
367,bear,adult,unknown
368,bear,adult,unknown
369,bear,adult,unknown
370,bear,adult,unknown
371,bear,adult,unknown
372,bear,adult,unknown
373,bear,adult,unknown
374,bear,adult,unknown
375,bear,adult,unknown
376,bear,adult,unknown
377,bear,adult,unknown
378,bear,adult,unknown
379,bear,adult,unknown
380,bear,adult,unknown
381,bear,adult,unknown
382,bear,adult,unknown
383,bear,adult,unknown
384,bear,adult,unknown
385,bear,adult,unknown
386,bear,adult,unknown
387,bear,adult,unknown
388,bear,adult,unknown
389,bear,adult,unknown
390,bear,adult,unknown
391,bear,adult,unknown
392,bear,adult,unknown
393,bear,adult,unknown
394,bear,adult,unknown
395,bear,adult,unknown
396,bear,adult,unknown
397,bear,adult,unknown
398,bear,adult,unknown
399,bear,adult,unknown
400,bed,adult,unknown
401,bed,adult,unknown
402,bed,adult,unknown
403,bed,adult,unknown
404,bed,adult,unknown
405,bed,adult,unknown
406,bed,adult,unknown
407,bed,adult,unknown
408,bed,adult,unknown
409,bed,adult,unknown
410,bed,adult,unknown
411,bed,adult,unknown
412,bed,adult,unknown
413,bed,adult,unknown
414,bed,adult,unknown
415,bed,adult,unknown
416,bed,adult,unknown
417,bed,adult,unknown
418,bed,adult,unknown
419,bed,adult,unknown
420,bed,adult,unknown
421,bed,adult,unknown
422,bed,adult,unknown
423,bed,adult,unknown
424,bed,adult,unknown
425,bed,adult,unknown
426,bed,adult,unknown
427,bed,adult,unknown
428,bed,adult,unknown
429,bed,adult,unknown
430,bed,adult,unknown
431,bed,adult,unknown
432,bed,adult,unknown
433,bed,adult,unknown
434,bed,adult,unknown
435,bed,adult,unknown
436,bed,adult,unknown
437,bed,adult,unknown
438,bed,adult,unknown
439,bed,adult,unknown
440,bed,adult,unknown
441,bed,adult,unknown
442,bed,adult,unknown
443,bed,adult,unknown
444,bed,adult,unknown
445,bed,adult,unknown
446,bed,adult,unknown
447,bed,adult,unknown
448,bed,adult,unknown
449,bed,adult,unknown
450,bed,adult,unknown
451,bed,adult,unknown
452,bed,adult,unknown
453,bed,adult,unknown
454,bed,adult,unknown
455,bed,adult,unknown
456,bed,adult,unknown
457,bed,adult,unknown
458,bed,adult,unknown
459,bed,adult,unknown
460,bed,adult,unknown
461,bed,adult,unknown
462,bed,adult,unknown
463,bed,adult,unknown
464,bed,adult,unknown
465,bed,adult,unknown
466,bed,adult,unknown
467,bed,adult,unknown
468,bed,adult,unknown
469,bed,adult,unknown
470,bed,adult,unknown
471,bed,adult,unknown
472,bed,adult,unknown
473,bed,adult,unknown
474,bed,adult,unknown
475,bed,adult,unknown
476,bed,adult,unknown
477,bed,adult,unknown
478,bed,adult,unknown
479,bed,adult,unknown
480,bed,adult,unknown
481,bed,adult,unknown
482,bed,adult,unknown
483,bed,adult,unknown
484,bed,adult,unknown
485,bed,adult,unknown
486,bed,adult,unknown
487,bed,adult,unknown
488,bed,adult,unknown
489,bed,adult,unknown
490,bed,adult,unknown
491,bed,adult,unknown
492,bed,adult,unknown
493,bed,adult,unknown
494,bed,adult,unknown
495,bed,adult,unknown
496,bed,adult,unknown
497,bed,adult,unknown
498,bed,adult,unknown
499,bed,adult,unknown
500,bicycle,adult,unknown
501,bicycle,adult,unknown
502,bicycle,adult,unknown
503,bicycle,adult,unknown
504,bicycle,adult,unknown
505,bicycle,adult,unknown
506,bicycle,adult,unknown
507,bicycle,adult,unknown
508,bicycle,adult,unknown
509,bicycle,adult,unknown
510,bicycle,adult,unknown
511,bicycle,adult,unknown
512,bicycle,adult,unknown
513,bicycle,adult,unknown
514,bicycle,adult,unknown
515,bicycle,adult,unknown
516,bicycle,adult,unknown
517,bicycle,adult,unknown
518,bicycle,adult,unknown
519,bicycle,adult,unknown
520,bicycle,adult,unknown
521,bicycle,adult,unknown
522,bicycle,adult,unknown
523,bicycle,adult,unknown
524,bicycle,adult,unknown
525,bicycle,adult,unknown
526,bicycle,adult,unknown
527,bicycle,adult,unknown
528,bicycle,adult,unknown
529,bicycle,adult,unknown
530,bicycle,adult,unknown
531,bicycle,adult,unknown
532,bicycle,adult,unknown
533,bicycle,adult,unknown
534,bicycle,adult,unknown
535,bicycle,adult,unknown
536,bicycle,adult,unknown
537,bicycle,adult,unknown
538,bicycle,adult,unknown
539,bicycle,adult,unknown
540,bicycle,adult,unknown
541,bicycle,adult,unknown
542,bicycle,adult,unknown
543,bicycle,adult,unknown
544,bicycle,adult,unknown
545,bicycle,adult,unknown
546,bicycle,adult,unknown
547,bicycle,adult,unknown
548,bicycle,adult,unknown
549,bicycle,adult,unknown
550,bicycle,adult,unknown
551,bicycle,adult,unknown
552,bicycle,adult,unknown
553,bicycle,adult,unknown
554,bicycle,adult,unknown
555,bicycle,adult,unknown
556,bicycle,adult,unknown
557,bicycle,adult,unknown
558,bicycle,adult,unknown
559,bicycle,adult,unknown
560,bicycle,adult,unknown
561,bicycle,adult,unknown
562,bicycle,adult,unknown
563,bicycle,adult,unknown
564,bicycle,adult,unknown
565,bicycle,adult,unknown
566,bicycle,adult,unknown
567,bicycle,adult,unknown
568,bicycle,adult,unknown
569,bicycle,adult,unknown
570,bicycle,adult,unknown
571,bicycle,adult,unknown
572,bicycle,adult,unknown
573,bicycle,adult,unknown
574,bicycle,adult,unknown
575,bicycle,adult,unknown
576,bicycle,adult,unknown
577,bicycle,adult,unknown
578,bicycle,adult,unknown
579,bicycle,adult,unknown
580,bicycle,adult,unknown
581,bicycle,adult,unknown
582,bicycle,adult,unknown
583,bicycle,adult,unknown
584,bicycle,adult,unknown
585,bicycle,adult,unknown
586,bicycle,adult,unknown
587,bicycle,adult,unknown
588,bicycle,adult,unknown
589,bicycle,adult,unknown
590,bicycle,adult,unknown
591,bicycle,adult,unknown
592,bicycle,adult,unknown
593,bicycle,adult,unknown
594,bicycle,adult,unknown
595,bicycle,adult,unknown
596,bicycle,adult,unknown
597,bicycle,adult,unknown
598,bicycle,adult,unknown
599,bicycle,adult,unknown
600,bird,adult,unknown
601,bird,adult,unknown
602,bird,adult,unknown
603,bird,adult,unknown
604,bird,adult,unknown
605,bird,adult,unknown
606,bird,adult,unknown
607,bird,adult,unknown
608,bird,adult,unknown
609,bird,adult,unknown
610,bird,adult,unknown
611,bird,adult,unknown
612,bird,adult,unknown
613,bird,adult,unknown
614,bird,adult,unknown
615,bird,adult,unknown
616,bird,adult,unknown
617,bird,adult,unknown
618,bird,adult,unknown
619,bird,adult,unknown
620,bird,adult,unknown
621,bird,adult,unknown
622,bird,adult,unknown
623,bird,adult,unknown
624,bird,adult,unknown
625,bird,adult,unknown
626,bird,adult,unknown
627,bird,adult,unknown
628,bird,adult,unknown
629,bird,adult,unknown
630,bird,adult,unknown
631,bird,adult,unknown
632,bird,adult,unknown
633,bird,adult,unknown
634,bird,adult,unknown
635,bird,adult,unknown
636,bird,adult,unknown
637,bird,adult,unknown
638,bird,adult,unknown
639,bird,adult,unknown
640,bird,adult,unknown
641,bird,adult,unknown
642,bird,adult,unknown
643,bird,adult,unknown
644,bird,adult,unknown
645,bird,adult,unknown
646,bird,adult,unknown
647,bird,adult,unknown
648,bird,adult,unknown
649,bird,adult,unknown
650,bird,adult,unknown
651,bird,adult,unknown
652,bird,adult,unknown
653,bird,adult,unknown
654,bird,adult,unknown
655,bird,adult,unknown
656,bird,adult,unknown
657,bird,adult,unknown
658,bird,adult,unknown
659,bird,adult,unknown
660,bird,adult,unknown
661,bird,adult,unknown
662,bird,adult,unknown
663,bird,adult,unknown
664,bird,adult,unknown
665,bird,adult,unknown
666,bird,adult,unknown
667,bird,adult,unknown
668,bird,adult,unknown
669,bird,adult,unknown
670,bird,adult,unknown
671,bird,adult,unknown
672,bird,adult,unknown
673,bird,adult,unknown
674,bird,adult,unknown
675,bird,adult,unknown
676,bird,adult,unknown
677,bird,adult,unknown
678,bird,adult,unknown
679,bird,adult,unknown
680,bird,adult,unknown
681,bird,adult,unknown
682,bird,adult,unknown
683,bird,adult,unknown
684,bird,adult,unknown
685,bird,adult,unknown
686,bird,adult,unknown
687,bird,adult,unknown
688,bird,adult,unknown
689,bird,adult,unknown
690,bird,adult,unknown
691,bird,adult,unknown
692,bird,adult,unknown
693,bird,adult,unknown
694,bird,adult,unknown
695,bird,adult,unknown
696,bird,adult,unknown
697,bird,adult,unknown
698,bird,adult,unknown
699,bird,adult,unknown
700,boat,adult,unknown
701,boat,adult,unknown
702,boat,adult,unknown
703,boat,adult,unknown
704,boat,adult,unknown
705,boat,adult,unknown
706,boat,adult,unknown
707,boat,adult,unknown
708,boat,adult,unknown
709,boat,adult,unknown
710,boat,adult,unknown
711,boat,adult,unknown
712,boat,adult,unknown
713,boat,adult,unknown
714,boat,adult,unknown
715,boat,adult,unknown
716,boat,adult,unknown
717,boat,adult,unknown
718,boat,adult,unknown
719,boat,adult,unknown
720,boat,adult,unknown
721,boat,adult,unknown
722,boat,adult,unknown
723,boat,adult,unknown
724,boat,adult,unknown
725,boat,adult,unknown
726,boat,adult,unknown
727,boat,adult,unknown
728,boat,adult,unknown
729,boat,adult,unknown
730,boat,adult,unknown
731,boat,adult,unknown
732,boat,adult,unknown
733,boat,adult,unknown
734,boat,adult,unknown
735,boat,adult,unknown
736,boat,adult,unknown
737,boat,adult,unknown
738,boat,adult,unknown
739,boat,adult,unknown
740,boat,adult,unknown
741,boat,adult,unknown
742,boat,adult,unknown
743,boat,adult,unknown
744,boat,adult,unknown
745,boat,adult,unknown
746,boat,adult,unknown
747,boat,adult,unknown
748,boat,adult,unknown
749,boat,adult,unknown
750,boat,adult,unknown
751,boat,adult,unknown
752,boat,adult,unknown
753,boat,adult,unknown
754,boat,adult,unknown
755,boat,adult,unknown
756,boat,adult,unknown
757,boat,adult,unknown
758,boat,adult,unknown
759,boat,adult,unknown
760,boat,adult,unknown
761,boat,adult,unknown
762,boat,adult,unknown
763,boat,adult,unknown
764,boat,adult,unknown
765,boat,adult,unknown
766,boat,adult,unknown
767,boat,adult,unknown
768,boat,adult,unknown
769,boat,adult,unknown
770,boat,adult,unknown
771,boat,adult,unknown
772,boat,adult,unknown
773,boat,adult,unknown
774,boat,adult,unknown
775,boat,adult,unknown
776,boat,adult,unknown
777,boat,adult,unknown
778,boat,adult,unknown
779,boat,adult,unknown
780,boat,adult,unknown
781,boat,adult,unknown
782,boat,adult,unknown
783,boat,adult,unknown
784,boat,adult,unknown
785,boat,adult,unknown
786,boat,adult,unknown
787,boat,adult,unknown
788,boat,adult,unknown
789,boat,adult,unknown
790,boat,adult,unknown
791,boat,adult,unknown
792,boat,adult,unknown
793,boat,adult,unknown
794,boat,adult,unknown
795,boat,adult,unknown
796,boat,adult,unknown
797,boat,adult,unknown
798,boat,adult,unknown
799,boat,adult,unknown
800,bus,adult,unknown
801,bus,adult,unknown
802,bus,adult,unknown
803,bus,adult,unknown
804,bus,adult,unknown
805,bus,adult,unknown
806,bus,adult,unknown
807,bus,adult,unknown
808,bus,adult,unknown
809,bus,adult,unknown
810,bus,adult,unknown
811,bus,adult,unknown
812,bus,adult,unknown
813,bus,adult,unknown
814,bus,adult,unknown
815,bus,adult,unknown
816,bus,adult,unknown
817,bus,adult,unknown
818,bus,adult,unknown
819,bus,adult,unknown
820,bus,adult,unknown
821,bus,adult,unknown
822,bus,adult,unknown
823,bus,adult,unknown
824,bus,adult,unknown
825,bus,adult,unknown
826,bus,adult,unknown
827,bus,adult,unknown
828,bus,adult,unknown
829,bus,adult,unknown
830,bus,adult,unknown
831,bus,adult,unknown
832,bus,adult,unknown
833,bus,adult,unknown
834,bus,adult,unknown
835,bus,adult,unknown
836,bus,adult,unknown
837,bus,adult,unknown
838,bus,adult,unknown
839,bus,adult,unknown
840,bus,adult,unknown
841,bus,adult,unknown
842,bus,adult,unknown
843,bus,adult,unknown
844,bus,adult,unknown
845,bus,adult,unknown
846,bus,adult,unknown
847,bus,adult,unknown
848,bus,adult,unknown
849,bus,adult,unknown
850,bus,adult,unknown
851,bus,adult,unknown
852,bus,adult,unknown
853,bus,adult,unknown
854,bus,adult,unknown
855,bus,adult,unknown
856,bus,adult,unknown
857,bus,adult,unknown
858,bus,adult,unknown
859,bus,adult,unknown
860,bus,adult,unknown
861,bus,adult,unknown
862,bus,adult,unknown
863,bus,adult,unknown
864,bus,adult,unknown
865,bus,adult,unknown
866,bus,adult,unknown
867,bus,adult,unknown
868,bus,adult,unknown
869,bus,adult,unknown
870,bus,adult,unknown
871,bus,adult,unknown
872,bus,adult,unknown
873,bus,adult,unknown
874,bus,adult,unknown
875,bus,adult,unknown
876,bus,adult,unknown
877,bus,adult,unknown
878,bus,adult,unknown
879,bus,adult,unknown
880,bus,adult,unknown
881,bus,adult,unknown
882,bus,adult,unknown
883,bus,adult,unknown
884,bus,adult,unknown
885,bus,adult,unknown
886,bus,adult,unknown
887,bus,adult,unknown
888,bus,adult,unknown
889,bus,adult,unknown
890,bus,adult,unknown
891,bus,adult,unknown
892,bus,adult,unknown
893,bus,adult,unknown
894,bus,adult,unknown
895,bus,adult,unknown
896,bus,adult,unknown
897,bus,adult,unknown
898,bus,adult,unknown
899,bus,adult,unknown
900,car,adult,unknown
901,car,adult,unknown
902,car,adult,unknown
903,car,adult,unknown
904,car,adult,unknown
905,car,adult,unknown
906,car,adult,unknown
907,car,adult,unknown
908,car,adult,unknown
909,car,adult,unknown
910,car,adult,unknown
911,car,adult,unknown
912,car,adult,unknown
913,car,adult,unknown
914,car,adult,unknown
915,car,adult,unknown
916,car,adult,unknown
917,car,adult,unknown
918,car,adult,unknown
919,car,adult,unknown
920,car,adult,unknown
921,car,adult,unknown
922,car,adult,unknown
923,car,adult,unknown
924,car,adult,unknown
925,car,adult,unknown
926,car,adult,unknown
927,car,adult,unknown
928,car,adult,unknown
929,car,adult,unknown
930,car,adult,unknown
931,car,adult,unknown
932,car,adult,unknown
933,car,adult,unknown
934,car,adult,unknown
935,car,adult,unknown
936,car,adult,unknown
937,car,adult,unknown
938,car,adult,unknown
939,car,adult,unknown
940,car,adult,unknown
941,car,adult,unknown
942,car,adult,unknown
943,car,adult,unknown
944,car,adult,unknown
945,car,adult,unknown
946,car,adult,unknown
947,car,adult,unknown
948,car,adult,unknown
949,car,adult,unknown
950,car,adult,unknown
951,car,adult,unknown
952,car,adult,unknown
953,car,adult,unknown
954,car,adult,unknown
955,car,adult,unknown
956,car,adult,unknown
957,car,adult,unknown
958,car,adult,unknown
959,car,adult,unknown
960,car,adult,unknown
961,car,adult,unknown
962,car,adult,unknown
963,car,adult,unknown
964,car,adult,unknown
965,car,adult,unknown
966,car,adult,unknown
967,car,adult,unknown
968,car,adult,unknown
969,car,adult,unknown
970,car,adult,unknown
971,car,adult,unknown
972,car,adult,unknown
973,car,adult,unknown
974,car,adult,unknown
975,car,adult,unknown
976,car,adult,unknown
977,car,adult,unknown
978,car,adult,unknown
979,car,adult,unknown
980,car,adult,unknown
981,car,adult,unknown
982,car,adult,unknown
983,car,adult,unknown
984,car,adult,unknown
985,car,adult,unknown
986,car,adult,unknown
987,car,adult,unknown
988,car,adult,unknown
989,car,adult,unknown
990,car,adult,unknown
991,car,adult,unknown
992,car,adult,unknown
993,car,adult,unknown
994,car,adult,unknown
995,car,adult,unknown
996,car,adult,unknown
997,car,adult,unknown
998,car,adult,unknown
999,car,adult,unknown
1000,carrot,adult,unknown
1001,carrot,adult,unknown
1002,carrot,adult,unknown
1003,carrot,adult,unknown
1004,carrot,adult,unknown
1005,carrot,adult,unknown
1006,carrot,adult,unknown
1007,carrot,adult,unknown
1008,carrot,adult,unknown
1009,carrot,adult,unknown
1010,carrot,adult,unknown
1011,carrot,adult,unknown
1012,carrot,adult,unknown
1013,carrot,adult,unknown
1014,carrot,adult,unknown
1015,carrot,adult,unknown
1016,carrot,adult,unknown
1017,carrot,adult,unknown
1018,carrot,adult,unknown
1019,carrot,adult,unknown
1020,carrot,adult,unknown
1021,carrot,adult,unknown
1022,carrot,adult,unknown
1023,carrot,adult,unknown
1024,carrot,adult,unknown
1025,carrot,adult,unknown
1026,carrot,adult,unknown
1027,carrot,adult,unknown
1028,carrot,adult,unknown
1029,carrot,adult,unknown
1030,carrot,adult,unknown
1031,carrot,adult,unknown
1032,carrot,adult,unknown
1033,carrot,adult,unknown
1034,carrot,adult,unknown
1035,carrot,adult,unknown
1036,carrot,adult,unknown
1037,carrot,adult,unknown
1038,carrot,adult,unknown
1039,carrot,adult,unknown
1040,carrot,adult,unknown
1041,carrot,adult,unknown
1042,carrot,adult,unknown
1043,carrot,adult,unknown
1044,carrot,adult,unknown
1045,carrot,adult,unknown
1046,carrot,adult,unknown
1047,carrot,adult,unknown
1048,carrot,adult,unknown
1049,carrot,adult,unknown
1050,carrot,adult,unknown
1051,carrot,adult,unknown
1052,carrot,adult,unknown
1053,carrot,adult,unknown
1054,carrot,adult,unknown
1055,carrot,adult,unknown
1056,carrot,adult,unknown
1057,carrot,adult,unknown
1058,carrot,adult,unknown
1059,carrot,adult,unknown
1060,carrot,adult,unknown
1061,carrot,adult,unknown
1062,carrot,adult,unknown
1063,carrot,adult,unknown
1064,carrot,adult,unknown
1065,carrot,adult,unknown
1066,carrot,adult,unknown
1067,carrot,adult,unknown
1068,carrot,adult,unknown
1069,carrot,adult,unknown
1070,carrot,adult,unknown
1071,carrot,adult,unknown
1072,carrot,adult,unknown
1073,carrot,adult,unknown
1074,carrot,adult,unknown
1075,carrot,adult,unknown
1076,carrot,adult,unknown
1077,carrot,adult,unknown
1078,carrot,adult,unknown
1079,carrot,adult,unknown
1080,carrot,adult,unknown
1081,carrot,adult,unknown
1082,carrot,adult,unknown
1083,carrot,adult,unknown
1084,carrot,adult,unknown
1085,carrot,adult,unknown
1086,carrot,adult,unknown
1087,carrot,adult,unknown
1088,carrot,adult,unknown
1089,carrot,adult,unknown
1090,carrot,adult,unknown
1091,carrot,adult,unknown
1092,carrot,adult,unknown
1093,carrot,adult,unknown
1094,carrot,adult,unknown
1095,carrot,adult,unknown
1096,carrot,adult,unknown
1097,carrot,adult,unknown
1098,carrot,adult,unknown
1099,carrot,adult,unknown
1100,cat,adult,unknown
1101,cat,adult,unknown
1102,cat,adult,unknown
1103,cat,adult,unknown
1104,cat,adult,unknown
1105,cat,adult,unknown
1106,cat,adult,unknown
1107,cat,adult,unknown
1108,cat,adult,unknown
1109,cat,adult,unknown
1110,cat,adult,unknown
1111,cat,adult,unknown
1112,cat,adult,unknown
1113,cat,adult,unknown
1114,cat,adult,unknown
1115,cat,adult,unknown
1116,cat,adult,unknown
1117,cat,adult,unknown
1118,cat,adult,unknown
1119,cat,adult,unknown
1120,cat,adult,unknown
1121,cat,adult,unknown
1122,cat,adult,unknown
1123,cat,adult,unknown
1124,cat,adult,unknown
1125,cat,adult,unknown
1126,cat,adult,unknown
1127,cat,adult,unknown
1128,cat,adult,unknown
1129,cat,adult,unknown
1130,cat,adult,unknown
1131,cat,adult,unknown
1132,cat,adult,unknown
1133,cat,adult,unknown
1134,cat,adult,unknown
1135,cat,adult,unknown
1136,cat,adult,unknown
1137,cat,adult,unknown
1138,cat,adult,unknown
1139,cat,adult,unknown
1140,cat,adult,unknown
1141,cat,adult,unknown
1142,cat,adult,unknown
1143,cat,adult,unknown
1144,cat,adult,unknown
1145,cat,adult,unknown
1146,cat,adult,unknown
1147,cat,adult,unknown
1148,cat,adult,unknown
1149,cat,adult,unknown
1150,cat,adult,unknown
1151,cat,adult,unknown
1152,cat,adult,unknown
1153,cat,adult,unknown
1154,cat,adult,unknown
1155,cat,adult,unknown
1156,cat,adult,unknown
1157,cat,adult,unknown
1158,cat,adult,unknown
1159,cat,adult,unknown
1160,cat,adult,unknown
1161,cat,adult,unknown
1162,cat,adult,unknown
1163,cat,adult,unknown
1164,cat,adult,unknown
1165,cat,adult,unknown
1166,cat,adult,unknown
1167,cat,adult,unknown
1168,cat,adult,unknown
1169,cat,adult,unknown
1170,cat,adult,unknown
1171,cat,adult,unknown
1172,cat,adult,unknown
1173,cat,adult,unknown
1174,cat,adult,unknown
1175,cat,adult,unknown
1176,cat,adult,unknown
1177,cat,adult,unknown
1178,cat,adult,unknown
1179,cat,adult,unknown
1180,cat,adult,unknown
1181,cat,adult,unknown
1182,cat,adult,unknown
1183,cat,adult,unknown
1184,cat,adult,unknown
1185,cat,adult,unknown
1186,cat,adult,unknown
1187,cat,adult,unknown
1188,cat,adult,unknown
1189,cat,adult,unknown
1190,cat,adult,unknown
1191,cat,adult,unknown
1192,cat,adult,unknown
1193,cat,adult,unknown
1194,cat,adult,unknown
1195,cat,adult,unknown
1196,cat,adult,unknown
1197,cat,adult,unknown
1198,cat,adult,unknown
1199,cat,adult,unknown
1200,chair,adult,unknown
1201,chair,adult,unknown
1202,chair,adult,unknown
1203,chair,adult,unknown
1204,chair,adult,unknown
1205,chair,adult,unknown
1206,chair,adult,unknown
1207,chair,adult,unknown
1208,chair,adult,unknown
1209,chair,adult,unknown
1210,chair,adult,unknown
1211,chair,adult,unknown
1212,chair,adult,unknown
1213,chair,adult,unknown
1214,chair,adult,unknown
1215,chair,adult,unknown
1216,chair,adult,unknown
1217,chair,adult,unknown
1218,chair,adult,unknown
1219,chair,adult,unknown
1220,chair,adult,unknown
1221,chair,adult,unknown
1222,chair,adult,unknown
1223,chair,adult,unknown
1224,chair,adult,unknown
1225,chair,adult,unknown
1226,chair,adult,unknown
1227,chair,adult,unknown
1228,chair,adult,unknown
1229,chair,adult,unknown
1230,chair,adult,unknown
1231,chair,adult,unknown
1232,chair,adult,unknown
1233,chair,adult,unknown
1234,chair,adult,unknown
1235,chair,adult,unknown
1236,chair,adult,unknown
1237,chair,adult,unknown
1238,chair,adult,unknown
1239,chair,adult,unknown
1240,chair,adult,unknown
1241,chair,adult,unknown
1242,chair,adult,unknown
1243,chair,adult,unknown
1244,chair,adult,unknown
1245,chair,adult,unknown
1246,chair,adult,unknown
1247,chair,adult,unknown
1248,chair,adult,unknown
1249,chair,adult,unknown
1250,chair,adult,unknown
1251,chair,adult,unknown
1252,chair,adult,unknown
1253,chair,adult,unknown
1254,chair,adult,unknown
1255,chair,adult,unknown
1256,chair,adult,unknown
1257,chair,adult,unknown
1258,chair,adult,unknown
1259,chair,adult,unknown
1260,chair,adult,unknown
1261,chair,adult,unknown
1262,chair,adult,unknown
1263,chair,adult,unknown
1264,chair,adult,unknown
1265,chair,adult,unknown
1266,chair,adult,unknown
1267,chair,adult,unknown
1268,chair,adult,unknown
1269,chair,adult,unknown
1270,chair,adult,unknown
1271,chair,adult,unknown
1272,chair,adult,unknown
1273,chair,adult,unknown
1274,chair,adult,unknown
1275,chair,adult,unknown
1276,chair,adult,unknown
1277,chair,adult,unknown
1278,chair,adult,unknown
1279,chair,adult,unknown
1280,chair,adult,unknown
1281,chair,adult,unknown
1282,chair,adult,unknown
1283,chair,adult,unknown
1284,chair,adult,unknown
1285,chair,adult,unknown
1286,chair,adult,unknown
1287,chair,adult,unknown
1288,chair,adult,unknown
1289,chair,adult,unknown
1290,chair,adult,unknown
1291,chair,adult,unknown
1292,chair,adult,unknown
1293,chair,adult,unknown
1294,chair,adult,unknown
1295,chair,adult,unknown
1296,chair,adult,unknown
1297,chair,adult,unknown
1298,chair,adult,unknown
1299,chair,adult,unknown
1300,cookie,adult,unknown
1301,cookie,adult,unknown
1302,cookie,adult,unknown
1303,cookie,adult,unknown
1304,cookie,adult,unknown
1305,cookie,adult,unknown
1306,cookie,adult,unknown
1307,cookie,adult,unknown
1308,cookie,adult,unknown
1309,cookie,adult,unknown
1310,cookie,adult,unknown
1311,cookie,adult,unknown
1312,cookie,adult,unknown
1313,cookie,adult,unknown
1314,cookie,adult,unknown
1315,cookie,adult,unknown
1316,cookie,adult,unknown
1317,cookie,adult,unknown
1318,cookie,adult,unknown
1319,cookie,adult,unknown
1320,cookie,adult,unknown
1321,cookie,adult,unknown
1322,cookie,adult,unknown
1323,cookie,adult,unknown
1324,cookie,adult,unknown
1325,cookie,adult,unknown
1326,cookie,adult,unknown
1327,cookie,adult,unknown
1328,cookie,adult,unknown
1329,cookie,adult,unknown
1330,cookie,adult,unknown
1331,cookie,adult,unknown
1332,cookie,adult,unknown
1333,cookie,adult,unknown
1334,cookie,adult,unknown
1335,cookie,adult,unknown
1336,cookie,adult,unknown
1337,cookie,adult,unknown
1338,cookie,adult,unknown
1339,cookie,adult,unknown
1340,cookie,adult,unknown
1341,cookie,adult,unknown
1342,cookie,adult,unknown
1343,cookie,adult,unknown
1344,cookie,adult,unknown
1345,cookie,adult,unknown
1346,cookie,adult,unknown
1347,cookie,adult,unknown
1348,cookie,adult,unknown
1349,cookie,adult,unknown
1350,cookie,adult,unknown
1351,cookie,adult,unknown
1352,cookie,adult,unknown
1353,cookie,adult,unknown
1354,cookie,adult,unknown
1355,cookie,adult,unknown
1356,cookie,adult,unknown
1357,cookie,adult,unknown
1358,cookie,adult,unknown
1359,cookie,adult,unknown
1360,cookie,adult,unknown
1361,cookie,adult,unknown
1362,cookie,adult,unknown
1363,cookie,adult,unknown
1364,cookie,adult,unknown
1365,cookie,adult,unknown
1366,cookie,adult,unknown
1367,cookie,adult,unknown
1368,cookie,adult,unknown
1369,cookie,adult,unknown
1370,cookie,adult,unknown
1371,cookie,adult,unknown
1372,cookie,adult,unknown
1373,cookie,adult,unknown
1374,cookie,adult,unknown
1375,cookie,adult,unknown
1376,cookie,adult,unknown
1377,cookie,adult,unknown
1378,cookie,adult,unknown
1379,cookie,adult,unknown
1380,cookie,adult,unknown
1381,cookie,adult,unknown
1382,cookie,adult,unknown
1383,cookie,adult,unknown
1384,cookie,adult,unknown
1385,cookie,adult,unknown
1386,cookie,adult,unknown
1387,cookie,adult,unknown
1388,cookie,adult,unknown
1389,cookie,adult,unknown
1390,cookie,adult,unknown
1391,cookie,adult,unknown
1392,cookie,adult,unknown
1393,cookie,adult,unknown
1394,cookie,adult,unknown
1395,cookie,adult,unknown
1396,cookie,adult,unknown
1397,cookie,adult,unknown
1398,cookie,adult,unknown
1399,cookie,adult,unknown
1400,couch,adult,unknown
1401,couch,adult,unknown
1402,couch,adult,unknown
1403,couch,adult,unknown
1404,couch,adult,unknown
1405,couch,adult,unknown
1406,couch,adult,unknown
1407,couch,adult,unknown
1408,couch,adult,unknown
1409,couch,adult,unknown
1410,couch,adult,unknown
1411,couch,adult,unknown
1412,couch,adult,unknown
1413,couch,adult,unknown
1414,couch,adult,unknown
1415,couch,adult,unknown
1416,couch,adult,unknown
1417,couch,adult,unknown
1418,couch,adult,unknown
1419,couch,adult,unknown
1420,couch,adult,unknown
1421,couch,adult,unknown
1422,couch,adult,unknown
1423,couch,adult,unknown
1424,couch,adult,unknown
1425,couch,adult,unknown
1426,couch,adult,unknown
1427,couch,adult,unknown
1428,couch,adult,unknown
1429,couch,adult,unknown
1430,couch,adult,unknown
1431,couch,adult,unknown
1432,couch,adult,unknown
1433,couch,adult,unknown
1434,couch,adult,unknown
1435,couch,adult,unknown
1436,couch,adult,unknown
1437,couch,adult,unknown
1438,couch,adult,unknown
1439,couch,adult,unknown
1440,couch,adult,unknown
1441,couch,adult,unknown
1442,couch,adult,unknown
1443,couch,adult,unknown
1444,couch,adult,unknown
1445,couch,adult,unknown
1446,couch,adult,unknown
1447,couch,adult,unknown
1448,couch,adult,unknown
1449,couch,adult,unknown
1450,couch,adult,unknown
1451,couch,adult,unknown
1452,couch,adult,unknown
1453,couch,adult,unknown
1454,couch,adult,unknown
1455,couch,adult,unknown
1456,couch,adult,unknown
1457,couch,adult,unknown
1458,couch,adult,unknown
1459,couch,adult,unknown
1460,couch,adult,unknown
1461,couch,adult,unknown
1462,couch,adult,unknown
1463,couch,adult,unknown
1464,couch,adult,unknown
1465,couch,adult,unknown
1466,couch,adult,unknown
1467,couch,adult,unknown
1468,couch,adult,unknown
1469,couch,adult,unknown
1470,couch,adult,unknown
1471,couch,adult,unknown
1472,couch,adult,unknown
1473,couch,adult,unknown
1474,couch,adult,unknown
1475,couch,adult,unknown
1476,couch,adult,unknown
1477,couch,adult,unknown
1478,couch,adult,unknown
1479,couch,adult,unknown
1480,couch,adult,unknown
1481,couch,adult,unknown
1482,couch,adult,unknown
1483,couch,adult,unknown
1484,couch,adult,unknown
1485,couch,adult,unknown
1486,couch,adult,unknown
1487,couch,adult,unknown
1488,couch,adult,unknown
1489,couch,adult,unknown
1490,couch,adult,unknown
1491,couch,adult,unknown
1492,couch,adult,unknown
1493,couch,adult,unknown
1494,couch,adult,unknown
1495,couch,adult,unknown
1496,couch,adult,unknown
1497,couch,adult,unknown
1498,couch,adult,unknown
1499,couch,adult,unknown
1500,cup,adult,unknown
1501,cup,adult,unknown
1502,cup,adult,unknown
1503,cup,adult,unknown
1504,cup,adult,unknown
1505,cup,adult,unknown
1506,cup,adult,unknown
1507,cup,adult,unknown
1508,cup,adult,unknown
1509,cup,adult,unknown
1510,cup,adult,unknown
1511,cup,adult,unknown
1512,cup,adult,unknown
1513,cup,adult,unknown
1514,cup,adult,unknown
1515,cup,adult,unknown
1516,cup,adult,unknown
1517,cup,adult,unknown
1518,cup,adult,unknown
1519,cup,adult,unknown
1520,cup,adult,unknown
1521,cup,adult,unknown
1522,cup,adult,unknown
1523,cup,adult,unknown
1524,cup,adult,unknown
1525,cup,adult,unknown
1526,cup,adult,unknown
1527,cup,adult,unknown
1528,cup,adult,unknown
1529,cup,adult,unknown
1530,cup,adult,unknown
1531,cup,adult,unknown
1532,cup,adult,unknown
1533,cup,adult,unknown
1534,cup,adult,unknown
1535,cup,adult,unknown
1536,cup,adult,unknown
1537,cup,adult,unknown
1538,cup,adult,unknown
1539,cup,adult,unknown
1540,cup,adult,unknown
1541,cup,adult,unknown
1542,cup,adult,unknown
1543,cup,adult,unknown
1544,cup,adult,unknown
1545,cup,adult,unknown
1546,cup,adult,unknown
1547,cup,adult,unknown
1548,cup,adult,unknown
1549,cup,adult,unknown
1550,cup,adult,unknown
1551,cup,adult,unknown
1552,cup,adult,unknown
1553,cup,adult,unknown
1554,cup,adult,unknown
1555,cup,adult,unknown
1556,cup,adult,unknown
1557,cup,adult,unknown
1558,cup,adult,unknown
1559,cup,adult,unknown
1560,cup,adult,unknown
1561,cup,adult,unknown
1562,cup,adult,unknown
1563,cup,adult,unknown
1564,cup,adult,unknown
1565,cup,adult,unknown
1566,cup,adult,unknown
1567,cup,adult,unknown
1568,cup,adult,unknown
1569,cup,adult,unknown
1570,cup,adult,unknown
1571,cup,adult,unknown
1572,cup,adult,unknown
1573,cup,adult,unknown
1574,cup,adult,unknown
1575,cup,adult,unknown
1576,cup,adult,unknown
1577,cup,adult,unknown
1578,cup,adult,unknown
1579,cup,adult,unknown
1580,cup,adult,unknown
1581,cup,adult,unknown
1582,cup,adult,unknown
1583,cup,adult,unknown
1584,cup,adult,unknown
1585,cup,adult,unknown
1586,cup,adult,unknown
1587,cup,adult,unknown
1588,cup,adult,unknown
1589,cup,adult,unknown
1590,cup,adult,unknown
1591,cup,adult,unknown
1592,cup,adult,unknown
1593,cup,adult,unknown
1594,cup,adult,unknown
1595,cup,adult,unknown
1596,cup,adult,unknown
1597,cup,adult,unknown
1598,cup,adult,unknown
1599,cup,adult,unknown
1600,dog,adult,unknown
1601,dog,adult,unknown
1602,dog,adult,unknown
1603,dog,adult,unknown
1604,dog,adult,unknown
1605,dog,adult,unknown
1606,dog,adult,unknown
1607,dog,adult,unknown
1608,dog,adult,unknown
1609,dog,adult,unknown
1610,dog,adult,unknown
1611,dog,adult,unknown
1612,dog,adult,unknown
1613,dog,adult,unknown
1614,dog,adult,unknown
1615,dog,adult,unknown
1616,dog,adult,unknown
1617,dog,adult,unknown
1618,dog,adult,unknown
1619,dog,adult,unknown
1620,dog,adult,unknown
1621,dog,adult,unknown
1622,dog,adult,unknown
1623,dog,adult,unknown
1624,dog,adult,unknown
1625,dog,adult,unknown
1626,dog,adult,unknown
1627,dog,adult,unknown
1628,dog,adult,unknown
1629,dog,adult,unknown
1630,dog,adult,unknown
1631,dog,adult,unknown
1632,dog,adult,unknown
1633,dog,adult,unknown
1634,dog,adult,unknown
1635,dog,adult,unknown
1636,dog,adult,unknown
1637,dog,adult,unknown
1638,dog,adult,unknown
1639,dog,adult,unknown
1640,dog,adult,unknown
1641,dog,adult,unknown
1642,dog,adult,unknown
1643,dog,adult,unknown
1644,dog,adult,unknown
1645,dog,adult,unknown
1646,dog,adult,unknown
1647,dog,adult,unknown
1648,dog,adult,unknown
1649,dog,adult,unknown
1650,dog,adult,unknown
1651,dog,adult,unknown
1652,dog,adult,unknown
1653,dog,adult,unknown
1654,dog,adult,unknown
1655,dog,adult,unknown
1656,dog,adult,unknown
1657,dog,adult,unknown
1658,dog,adult,unknown
1659,dog,adult,unknown
1660,dog,adult,unknown
1661,dog,adult,unknown
1662,dog,adult,unknown
1663,dog,adult,unknown
1664,dog,adult,unknown
1665,dog,adult,unknown
1666,dog,adult,unknown
1667,dog,adult,unknown
1668,dog,adult,unknown
1669,dog,adult,unknown
1670,dog,adult,unknown
1671,dog,adult,unknown
1672,dog,adult,unknown
1673,dog,adult,unknown
1674,dog,adult,unknown
1675,dog,adult,unknown
1676,dog,adult,unknown
1677,dog,adult,unknown
1678,dog,adult,unknown
1679,dog,adult,unknown
1680,dog,adult,unknown
1681,dog,adult,unknown
1682,dog,adult,unknown
1683,dog,adult,unknown
1684,dog,adult,unknown
1685,dog,adult,unknown
1686,dog,adult,unknown
1687,dog,adult,unknown
1688,dog,adult,unknown
1689,dog,adult,unknown
1690,dog,adult,unknown
1691,dog,adult,unknown
1692,dog,adult,unknown
1693,dog,adult,unknown
1694,dog,adult,unknown
1695,dog,adult,unknown
1696,dog,adult,unknown
1697,dog,adult,unknown
1698,dog,adult,unknown
1699,dog,adult,unknown
1700,door,adult,unknown
1701,door,adult,unknown
1702,door,adult,unknown
1703,door,adult,unknown
1704,door,adult,unknown
1705,door,adult,unknown
1706,door,adult,unknown
1707,door,adult,unknown
1708,door,adult,unknown
1709,door,adult,unknown
1710,door,adult,unknown
1711,door,adult,unknown
1712,door,adult,unknown
1713,door,adult,unknown
1714,door,adult,unknown
1715,door,adult,unknown
1716,door,adult,unknown
1717,door,adult,unknown
1718,door,adult,unknown
1719,door,adult,unknown
1720,door,adult,unknown
1721,door,adult,unknown
1722,door,adult,unknown
1723,door,adult,unknown
1724,door,adult,unknown
1725,door,adult,unknown
1726,door,adult,unknown
1727,door,adult,unknown
1728,door,adult,unknown
1729,door,adult,unknown
1730,door,adult,unknown
1731,door,adult,unknown
1732,door,adult,unknown
1733,door,adult,unknown
1734,door,adult,unknown
1735,door,adult,unknown
1736,door,adult,unknown
1737,door,adult,unknown
1738,door,adult,unknown
1739,door,adult,unknown
1740,door,adult,unknown
1741,door,adult,unknown
1742,door,adult,unknown
1743,door,adult,unknown
1744,door,adult,unknown
1745,door,adult,unknown
1746,door,adult,unknown
1747,door,adult,unknown
1748,door,adult,unknown
1749,door,adult,unknown
1750,door,adult,unknown
1751,door,adult,unknown
1752,door,adult,unknown
1753,door,adult,unknown
1754,door,adult,unknown
1755,door,adult,unknown
1756,door,adult,unknown
1757,door,adult,unknown
1758,door,adult,unknown
1759,door,adult,unknown
1760,door,adult,unknown
1761,door,adult,unknown
1762,door,adult,unknown
1763,door,adult,unknown
1764,door,adult,unknown
1765,door,adult,unknown
1766,door,adult,unknown
1767,door,adult,unknown
1768,door,adult,unknown
1769,door,adult,unknown
1770,door,adult,unknown
1771,door,adult,unknown
1772,door,adult,unknown
1773,door,adult,unknown
1774,door,adult,unknown
1775,door,adult,unknown
1776,door,adult,unknown
1777,door,adult,unknown
1778,door,adult,unknown
1779,door,adult,unknown
1780,door,adult,unknown
1781,door,adult,unknown
1782,door,adult,unknown
1783,door,adult,unknown
1784,door,adult,unknown
1785,door,adult,unknown
1786,door,adult,unknown
1787,door,adult,unknown
1788,door,adult,unknown
1789,door,adult,unknown
1790,door,adult,unknown
1791,door,adult,unknown
1792,door,adult,unknown
1793,door,adult,unknown
1794,door,adult,unknown
1795,door,adult,unknown
1796,door,adult,unknown
1797,door,adult,unknown
1798,door,adult,unknown
1799,door,adult,unknown
1800,duck,adult,unknown
1801,duck,adult,unknown
1802,duck,adult,unknown
1803,duck,adult,unknown
1804,duck,adult,unknown
1805,duck,adult,unknown
1806,duck,adult,unknown
1807,duck,adult,unknown
1808,duck,adult,unknown
1809,duck,adult,unknown
1810,duck,adult,unknown
1811,duck,adult,unknown
1812,duck,adult,unknown
1813,duck,adult,unknown
1814,duck,adult,unknown
1815,duck,adult,unknown
1816,duck,adult,unknown
1817,duck,adult,unknown
1818,duck,adult,unknown
1819,duck,adult,unknown
1820,duck,adult,unknown
1821,duck,adult,unknown
1822,duck,adult,unknown
1823,duck,adult,unknown
1824,duck,adult,unknown
1825,duck,adult,unknown
1826,duck,adult,unknown
1827,duck,adult,unknown
1828,duck,adult,unknown
1829,duck,adult,unknown
1830,duck,adult,unknown
1831,duck,adult,unknown
1832,duck,adult,unknown
1833,duck,adult,unknown
1834,duck,adult,unknown
1835,duck,adult,unknown
1836,duck,adult,unknown
1837,duck,adult,unknown
1838,duck,adult,unknown
1839,duck,adult,unknown
1840,duck,adult,unknown
1841,duck,adult,unknown
1842,duck,adult,unknown
1843,duck,adult,unknown
1844,duck,adult,unknown
1845,duck,adult,unknown
1846,duck,adult,unknown
1847,duck,adult,unknown
1848,duck,adult,unknown
1849,duck,adult,unknown
1850,duck,adult,unknown
1851,duck,adult,unknown
1852,duck,adult,unknown
1853,duck,adult,unknown
1854,duck,adult,unknown
1855,duck,adult,unknown
1856,duck,adult,unknown
1857,duck,adult,unknown
1858,duck,adult,unknown
1859,duck,adult,unknown
1860,duck,adult,unknown
1861,duck,adult,unknown
1862,duck,adult,unknown
1863,duck,adult,unknown
1864,duck,adult,unknown
1865,duck,adult,unknown
1866,duck,adult,unknown
1867,duck,adult,unknown
1868,duck,adult,unknown
1869,duck,adult,unknown
1870,duck,adult,unknown
1871,duck,adult,unknown
1872,duck,adult,unknown
1873,duck,adult,unknown
1874,duck,adult,unknown
1875,duck,adult,unknown
1876,duck,adult,unknown
1877,duck,adult,unknown
1878,duck,adult,unknown
1879,duck,adult,unknown
1880,duck,adult,unknown
1881,duck,adult,unknown
1882,duck,adult,unknown
1883,duck,adult,unknown
1884,duck,adult,unknown
1885,duck,adult,unknown
1886,duck,adult,unknown
1887,duck,adult,unknown
1888,duck,adult,unknown
1889,duck,adult,unknown
1890,duck,adult,unknown
1891,duck,adult,unknown
1892,duck,adult,unknown
1893,duck,adult,unknown
1894,duck,adult,unknown
1895,duck,adult,unknown
1896,duck,adult,unknown
1897,duck,adult,unknown
1898,duck,adult,unknown
1899,duck,adult,unknown
1900,fish,adult,unknown
1901,fish,adult,unknown
1902,fish,adult,unknown
1903,fish,adult,unknown
1904,fish,adult,unknown
1905,fish,adult,unknown
1906,fish,adult,unknown
1907,fish,adult,unknown
1908,fish,adult,unknown
1909,fish,adult,unknown
1910,fish,adult,unknown
1911,fish,adult,unknown
1912,fish,adult,unknown
1913,fish,adult,unknown
1914,fish,adult,unknown
1915,fish,adult,unknown
1916,fish,adult,unknown
1917,fish,adult,unknown
1918,fish,adult,unknown
1919,fish,adult,unknown
1920,fish,adult,unknown
1921,fish,adult,unknown
1922,fish,adult,unknown
1923,fish,adult,unknown
1924,fish,adult,unknown
1925,fish,adult,unknown
1926,fish,adult,unknown
1927,fish,adult,unknown
1928,fish,adult,unknown
1929,fish,adult,unknown
1930,fish,adult,unknown
1931,fish,adult,unknown
1932,fish,adult,unknown
1933,fish,adult,unknown
1934,fish,adult,unknown
1935,fish,adult,unknown
1936,fish,adult,unknown
1937,fish,adult,unknown
1938,fish,adult,unknown
1939,fish,adult,unknown
1940,fish,adult,unknown
1941,fish,adult,unknown
1942,fish,adult,unknown
1943,fish,adult,unknown
1944,fish,adult,unknown
1945,fish,adult,unknown
1946,fish,adult,unknown
1947,fish,adult,unknown
1948,fish,adult,unknown
1949,fish,adult,unknown
1950,fish,adult,unknown
1951,fish,adult,unknown
1952,fish,adult,unknown
1953,fish,adult,unknown
1954,fish,adult,unknown
1955,fish,adult,unknown
1956,fish,adult,unknown
1957,fish,adult,unknown
1958,fish,adult,unknown
1959,fish,adult,unknown
1960,fish,adult,unknown
1961,fish,adult,unknown
1962,fish,adult,unknown
1963,fish,adult,unknown
1964,fish,adult,unknown
1965,fish,adult,unknown
1966,fish,adult,unknown
1967,fish,adult,unknown
1968,fish,adult,unknown
1969,fish,adult,unknown
1970,fish,adult,unknown
1971,fish,adult,unknown
1972,fish,adult,unknown
1973,fish,adult,unknown
1974,fish,adult,unknown
1975,fish,adult,unknown
1976,fish,adult,unknown
1977,fish,adult,unknown
1978,fish,adult,unknown
1979,fish,adult,unknown
1980,fish,adult,unknown
1981,fish,adult,unknown
1982,fish,adult,unknown
1983,fish,adult,unknown
1984,fish,adult,unknown
1985,fish,adult,unknown
1986,fish,adult,unknown
1987,fish,adult,unknown
1988,fish,adult,unknown
1989,fish,adult,unknown
1990,fish,adult,unknown
1991,fish,adult,unknown
1992,fish,adult,unknown
1993,fish,adult,unknown
1994,fish,adult,unknown
1995,fish,adult,unknown
1996,fish,adult,unknown
1997,fish,adult,unknown
1998,fish,adult,unknown
1999,fish,adult,unknown
2000,flower,adult,unknown
2001,flower,adult,unknown
2002,flower,adult,unknown
2003,flower,adult,unknown
2004,flower,adult,unknown
2005,flower,adult,unknown
2006,flower,adult,unknown
2007,flower,adult,unknown
2008,flower,adult,unknown
2009,flower,adult,unknown
2010,flower,adult,unknown
2011,flower,adult,unknown
2012,flower,adult,unknown
2013,flower,adult,unknown
2014,flower,adult,unknown
2015,flower,adult,unknown
2016,flower,adult,unknown
2017,flower,adult,unknown
2018,flower,adult,unknown
2019,flower,adult,unknown
2020,flower,adult,unknown
2021,flower,adult,unknown
2022,flower,adult,unknown
2023,flower,adult,unknown
2024,flower,adult,unknown
2025,flower,adult,unknown
2026,flower,adult,unknown
2027,flower,adult,unknown
2028,flower,adult,unknown
2029,flower,adult,unknown
2030,flower,adult,unknown
2031,flower,adult,unknown
2032,flower,adult,unknown
2033,flower,adult,unknown
2034,flower,adult,unknown
2035,flower,adult,unknown
2036,flower,adult,unknown
2037,flower,adult,unknown
2038,flower,adult,unknown
2039,flower,adult,unknown
2040,flower,adult,unknown
2041,flower,adult,unknown
2042,flower,adult,unknown
2043,flower,adult,unknown
2044,flower,adult,unknown
2045,flower,adult,unknown
2046,flower,adult,unknown
2047,flower,adult,unknown
2048,flower,adult,unknown
2049,flower,adult,unknown
2050,flower,adult,unknown
2051,flower,adult,unknown
2052,flower,adult,unknown
2053,flower,adult,unknown
2054,flower,adult,unknown
2055,flower,adult,unknown
2056,flower,adult,unknown
2057,flower,adult,unknown
2058,flower,adult,unknown
2059,flower,adult,unknown
2060,flower,adult,unknown
2061,flower,adult,unknown
2062,flower,adult,unknown
2063,flower,adult,unknown
2064,flower,adult,unknown
2065,flower,adult,unknown
2066,flower,adult,unknown
2067,flower,adult,unknown
2068,flower,adult,unknown
2069,flower,adult,unknown
2070,flower,adult,unknown
2071,flower,adult,unknown
2072,flower,adult,unknown
2073,flower,adult,unknown
2074,flower,adult,unknown
2075,flower,adult,unknown
2076,flower,adult,unknown
2077,flower,adult,unknown
2078,flower,adult,unknown
2079,flower,adult,unknown
2080,flower,adult,unknown
2081,flower,adult,unknown
2082,flower,adult,unknown
2083,flower,adult,unknown
2084,flower,adult,unknown
2085,flower,adult,unknown
2086,flower,adult,unknown
2087,flower,adult,unknown
2088,flower,adult,unknown
2089,flower,adult,unknown
2090,flower,adult,unknown
2091,flower,adult,unknown
2092,flower,adult,unknown
2093,flower,adult,unknown
2094,flower,adult,unknown
2095,flower,adult,unknown
2096,flower,adult,unknown
2097,flower,adult,unknown
2098,flower,adult,unknown
2099,flower,adult,unknown
2100,foot,adult,unknown
2101,foot,adult,unknown
2102,foot,adult,unknown
2103,foot,adult,unknown
2104,foot,adult,unknown
2105,foot,adult,unknown
2106,foot,adult,unknown
2107,foot,adult,unknown
2108,foot,adult,unknown
2109,foot,adult,unknown
2110,foot,adult,unknown
2111,foot,adult,unknown
2112,foot,adult,unknown
2113,foot,adult,unknown
2114,foot,adult,unknown
2115,foot,adult,unknown
2116,foot,adult,unknown
2117,foot,adult,unknown
2118,foot,adult,unknown
2119,foot,adult,unknown
2120,foot,adult,unknown
2121,foot,adult,unknown
2122,foot,adult,unknown
2123,foot,adult,unknown
2124,foot,adult,unknown
2125,foot,adult,unknown
2126,foot,adult,unknown
2127,foot,adult,unknown
2128,foot,adult,unknown
2129,foot,adult,unknown
2130,foot,adult,unknown
2131,foot,adult,unknown
2132,foot,adult,unknown
2133,foot,adult,unknown
2134,foot,adult,unknown
2135,foot,adult,unknown
2136,foot,adult,unknown
2137,foot,adult,unknown
2138,foot,adult,unknown
2139,foot,adult,unknown
2140,foot,adult,unknown
2141,foot,adult,unknown
2142,foot,adult,unknown
2143,foot,adult,unknown
2144,foot,adult,unknown
2145,foot,adult,unknown
2146,foot,adult,unknown
2147,foot,adult,unknown
2148,foot,adult,unknown
2149,foot,adult,unknown
2150,foot,adult,unknown
2151,foot,adult,unknown
2152,foot,adult,unknown
2153,foot,adult,unknown
2154,foot,adult,unknown
2155,foot,adult,unknown
2156,foot,adult,unknown
2157,foot,adult,unknown
2158,foot,adult,unknown
2159,foot,adult,unknown
2160,foot,adult,unknown
2161,foot,adult,unknown
2162,foot,adult,unknown
2163,foot,adult,unknown
2164,foot,adult,unknown
2165,foot,adult,unknown
2166,foot,adult,unknown
2167,foot,adult,unknown
2168,foot,adult,unknown
2169,foot,adult,unknown
2170,foot,adult,unknown
2171,foot,adult,unknown
2172,foot,adult,unknown
2173,foot,adult,unknown
2174,foot,adult,unknown
2175,foot,adult,unknown
2176,foot,adult,unknown
2177,foot,adult,unknown
2178,foot,adult,unknown
2179,foot,adult,unknown
2180,foot,adult,unknown
2181,foot,adult,unknown
2182,foot,adult,unknown
2183,foot,adult,unknown
2184,foot,adult,unknown
2185,foot,adult,unknown
2186,foot,adult,unknown
2187,foot,adult,unknown
2188,foot,adult,unknown
2189,foot,adult,unknown
2190,foot,adult,unknown
2191,foot,adult,unknown
2192,foot,adult,unknown
2193,foot,adult,unknown
2194,foot,adult,unknown
2195,foot,adult,unknown
2196,foot,adult,unknown
2197,foot,adult,unknown
2198,foot,adult,unknown
2199,foot,adult,unknown
2200,fork,adult,unknown
2201,fork,adult,unknown
2202,fork,adult,unknown
2203,fork,adult,unknown
2204,fork,adult,unknown
2205,fork,adult,unknown
2206,fork,adult,unknown
2207,fork,adult,unknown
2208,fork,adult,unknown
2209,fork,adult,unknown
2210,fork,adult,unknown
2211,fork,adult,unknown
2212,fork,adult,unknown
2213,fork,adult,unknown
2214,fork,adult,unknown
2215,fork,adult,unknown
2216,fork,adult,unknown
2217,fork,adult,unknown
2218,fork,adult,unknown
2219,fork,adult,unknown
2220,fork,adult,unknown
2221,fork,adult,unknown
2222,fork,adult,unknown
2223,fork,adult,unknown
2224,fork,adult,unknown
2225,fork,adult,unknown
2226,fork,adult,unknown
2227,fork,adult,unknown
2228,fork,adult,unknown
2229,fork,adult,unknown
2230,fork,adult,unknown
2231,fork,adult,unknown
2232,fork,adult,unknown
2233,fork,adult,unknown
2234,fork,adult,unknown
2235,fork,adult,unknown
2236,fork,adult,unknown
2237,fork,adult,unknown
2238,fork,adult,unknown
2239,fork,adult,unknown
2240,fork,adult,unknown
2241,fork,adult,unknown
2242,fork,adult,unknown
2243,fork,adult,unknown
2244,fork,adult,unknown
2245,fork,adult,unknown
2246,fork,adult,unknown
2247,fork,adult,unknown
2248,fork,adult,unknown
2249,fork,adult,unknown
2250,fork,adult,unknown
2251,fork,adult,unknown
2252,fork,adult,unknown
2253,fork,adult,unknown
2254,fork,adult,unknown
2255,fork,adult,unknown
2256,fork,adult,unknown
2257,fork,adult,unknown
2258,fork,adult,unknown
2259,fork,adult,unknown
2260,fork,adult,unknown
2261,fork,adult,unknown
2262,fork,adult,unknown
2263,fork,adult,unknown
2264,fork,adult,unknown
2265,fork,adult,unknown
2266,fork,adult,unknown
2267,fork,adult,unknown
2268,fork,adult,unknown
2269,fork,adult,unknown
2270,fork,adult,unknown
2271,fork,adult,unknown
2272,fork,adult,unknown
2273,fork,adult,unknown
2274,fork,adult,unknown
2275,fork,adult,unknown
2276,fork,adult,unknown
2277,fork,adult,unknown
2278,fork,adult,unknown
2279,fork,adult,unknown
2280,fork,adult,unknown
2281,fork,adult,unknown
2282,fork,adult,unknown
2283,fork,adult,unknown
2284,fork,adult,unknown
2285,fork,adult,unknown
2286,fork,adult,unknown
2287,fork,adult,unknown
2288,fork,adult,unknown
2289,fork,adult,unknown
2290,fork,adult,unknown
2291,fork,adult,unknown
2292,fork,adult,unknown
2293,fork,adult,unknown
2294,fork,adult,unknown
2295,fork,adult,unknown
2296,fork,adult,unknown
2297,fork,adult,unknown
2298,fork,adult,unknown
2299,fork,adult,unknown
2300,frog,adult,unknown
2301,frog,adult,unknown
2302,frog,adult,unknown
2303,frog,adult,unknown
2304,frog,adult,unknown
2305,frog,adult,unknown
2306,frog,adult,unknown
2307,frog,adult,unknown
2308,frog,adult,unknown
2309,frog,adult,unknown
2310,frog,adult,unknown
2311,frog,adult,unknown
2312,frog,adult,unknown
2313,frog,adult,unknown
2314,frog,adult,unknown
2315,frog,adult,unknown
2316,frog,adult,unknown
2317,frog,adult,unknown
2318,frog,adult,unknown
2319,frog,adult,unknown
2320,frog,adult,unknown
2321,frog,adult,unknown
2322,frog,adult,unknown
2323,frog,adult,unknown
2324,frog,adult,unknown
2325,frog,adult,unknown
2326,frog,adult,unknown
2327,frog,adult,unknown
2328,frog,adult,unknown
2329,frog,adult,unknown
2330,frog,adult,unknown
2331,frog,adult,unknown
2332,frog,adult,unknown
2333,frog,adult,unknown
2334,frog,adult,unknown
2335,frog,adult,unknown
2336,frog,adult,unknown
2337,frog,adult,unknown
2338,frog,adult,unknown
2339,frog,adult,unknown
2340,frog,adult,unknown
2341,frog,adult,unknown
2342,frog,adult,unknown
2343,frog,adult,unknown
2344,frog,adult,unknown
2345,frog,adult,unknown
2346,frog,adult,unknown
2347,frog,adult,unknown
2348,frog,adult,unknown
2349,frog,adult,unknown
2350,frog,adult,unknown
2351,frog,adult,unknown
2352,frog,adult,unknown
2353,frog,adult,unknown
2354,frog,adult,unknown
2355,frog,adult,unknown
2356,frog,adult,unknown
2357,frog,adult,unknown
2358,frog,adult,unknown
2359,frog,adult,unknown
2360,frog,adult,unknown
2361,frog,adult,unknown
2362,frog,adult,unknown
2363,frog,adult,unknown
2364,frog,adult,unknown
2365,frog,adult,unknown
2366,frog,adult,unknown
2367,frog,adult,unknown
2368,frog,adult,unknown
2369,frog,adult,unknown
2370,frog,adult,unknown
2371,frog,adult,unknown
2372,frog,adult,unknown
2373,frog,adult,unknown
2374,frog,adult,unknown
2375,frog,adult,unknown
2376,frog,adult,unknown
2377,frog,adult,unknown
2378,frog,adult,unknown
2379,frog,adult,unknown
2380,frog,adult,unknown
2381,frog,adult,unknown
2382,frog,adult,unknown
2383,frog,adult,unknown
2384,frog,adult,unknown
2385,frog,adult,unknown
2386,frog,adult,unknown
2387,frog,adult,unknown
2388,frog,adult,unknown
2389,frog,adult,unknown
2390,frog,adult,unknown
2391,frog,adult,unknown
2392,frog,adult,unknown
2393,frog,adult,unknown
2394,frog,adult,unknown
2395,frog,adult,unknown
2396,frog,adult,unknown
2397,frog,adult,unknown
2398,frog,adult,unknown
2399,frog,adult,unknown
2400,hat,adult,unknown
2401,hat,adult,unknown
2402,hat,adult,unknown
2403,hat,adult,unknown
2404,hat,adult,unknown
2405,hat,adult,unknown
2406,hat,adult,unknown
2407,hat,adult,unknown
2408,hat,adult,unknown
2409,hat,adult,unknown
2410,hat,adult,unknown
2411,hat,adult,unknown
2412,hat,adult,unknown
2413,hat,adult,unknown
2414,hat,adult,unknown
2415,hat,adult,unknown
2416,hat,adult,unknown
2417,hat,adult,unknown
2418,hat,adult,unknown
2419,hat,adult,unknown
2420,hat,adult,unknown
2421,hat,adult,unknown
2422,hat,adult,unknown
2423,hat,adult,unknown
2424,hat,adult,unknown
2425,hat,adult,unknown
2426,hat,adult,unknown
2427,hat,adult,unknown
2428,hat,adult,unknown
2429,hat,adult,unknown
2430,hat,adult,unknown
2431,hat,adult,unknown
2432,hat,adult,unknown
2433,hat,adult,unknown
2434,hat,adult,unknown
2435,hat,adult,unknown
2436,hat,adult,unknown
2437,hat,adult,unknown
2438,hat,adult,unknown
2439,hat,adult,unknown
2440,hat,adult,unknown
2441,hat,adult,unknown
2442,hat,adult,unknown
2443,hat,adult,unknown
2444,hat,adult,unknown
2445,hat,adult,unknown
2446,hat,adult,unknown
2447,hat,adult,unknown
2448,hat,adult,unknown
2449,hat,adult,unknown
2450,hat,adult,unknown
2451,hat,adult,unknown
2452,hat,adult,unknown
2453,hat,adult,unknown
2454,hat,adult,unknown
2455,hat,adult,unknown
2456,hat,adult,unknown
2457,hat,adult,unknown
2458,hat,adult,unknown
2459,hat,adult,unknown
2460,hat,adult,unknown
2461,hat,adult,unknown
2462,hat,adult,unknown
2463,hat,adult,unknown
2464,hat,adult,unknown
2465,hat,adult,unknown
2466,hat,adult,unknown
2467,hat,adult,unknown
2468,hat,adult,unknown
2469,hat,adult,unknown
2470,hat,adult,unknown
2471,hat,adult,unknown
2472,hat,adult,unknown
2473,hat,adult,unknown
2474,hat,adult,unknown
2475,hat,adult,unknown
2476,hat,adult,unknown
2477,hat,adult,unknown
2478,hat,adult,unknown
2479,hat,adult,unknown
2480,hat,adult,unknown
2481,hat,adult,unknown
2482,hat,adult,unknown
2483,hat,adult,unknown
2484,hat,adult,unknown
2485,hat,adult,unknown
2486,hat,adult,unknown
2487,hat,adult,unknown
2488,hat,adult,unknown
2489,hat,adult,unknown
2490,hat,adult,unknown
2491,hat,adult,unknown
2492,hat,adult,unknown
2493,hat,adult,unknown
2494,hat,adult,unknown
2495,hat,adult,unknown
2496,hat,adult,unknown
2497,hat,adult,unknown
2498,hat,adult,unknown
2499,hat,adult,unknown
2500,horse,adult,unknown
2501,horse,adult,unknown
2502,horse,adult,unknown
2503,horse,adult,unknown
2504,horse,adult,unknown
2505,horse,adult,unknown
2506,horse,adult,unknown
2507,horse,adult,unknown
2508,horse,adult,unknown
2509,horse,adult,unknown
2510,horse,adult,unknown
2511,horse,adult,unknown
2512,horse,adult,unknown
2513,horse,adult,unknown
2514,horse,adult,unknown
2515,horse,adult,unknown
2516,horse,adult,unknown
2517,horse,adult,unknown
2518,horse,adult,unknown
2519,horse,adult,unknown
2520,horse,adult,unknown
2521,horse,adult,unknown
2522,horse,adult,unknown
2523,horse,adult,unknown
2524,horse,adult,unknown
2525,horse,adult,unknown
2526,horse,adult,unknown
2527,horse,adult,unknown
2528,horse,adult,unknown
2529,horse,adult,unknown
2530,horse,adult,unknown
2531,horse,adult,unknown
2532,horse,adult,unknown
2533,horse,adult,unknown
2534,horse,adult,unknown
2535,horse,adult,unknown
2536,horse,adult,unknown
2537,horse,adult,unknown
2538,horse,adult,unknown
2539,horse,adult,unknown
2540,horse,adult,unknown
2541,horse,adult,unknown
2542,horse,adult,unknown
2543,horse,adult,unknown
2544,horse,adult,unknown
2545,horse,adult,unknown
2546,horse,adult,unknown
2547,horse,adult,unknown
2548,horse,adult,unknown
2549,horse,adult,unknown
2550,horse,adult,unknown
2551,horse,adult,unknown
2552,horse,adult,unknown
2553,horse,adult,unknown
2554,horse,adult,unknown
2555,horse,adult,unknown
2556,horse,adult,unknown
2557,horse,adult,unknown
2558,horse,adult,unknown
2559,horse,adult,unknown
2560,horse,adult,unknown
2561,horse,adult,unknown
2562,horse,adult,unknown
2563,horse,adult,unknown
2564,horse,adult,unknown
2565,horse,adult,unknown
2566,horse,adult,unknown
2567,horse,adult,unknown
2568,horse,adult,unknown
2569,horse,adult,unknown
2570,horse,adult,unknown
2571,horse,adult,unknown
2572,horse,adult,unknown
2573,horse,adult,unknown
2574,horse,adult,unknown
2575,horse,adult,unknown
2576,horse,adult,unknown
2577,horse,adult,unknown
2578,horse,adult,unknown
2579,horse,adult,unknown
2580,horse,adult,unknown
2581,horse,adult,unknown
2582,horse,adult,unknown
2583,horse,adult,unknown
2584,horse,adult,unknown
2585,horse,adult,unknown
2586,horse,adult,unknown
2587,horse,adult,unknown
2588,horse,adult,unknown
2589,horse,adult,unknown
2590,horse,adult,unknown
2591,horse,adult,unknown
2592,horse,adult,unknown
2593,horse,adult,unknown
2594,horse,adult,unknown
2595,horse,adult,unknown
2596,horse,adult,unknown
2597,horse,adult,unknown
2598,horse,adult,unknown
2599,horse,adult,unknown
2600,ice cream,adult,unknown
2601,ice cream,adult,unknown
2602,ice cream,adult,unknown
2603,ice cream,adult,unknown
2604,ice cream,adult,unknown
2605,ice cream,adult,unknown
2606,ice cream,adult,unknown
2607,ice cream,adult,unknown
2608,ice cream,adult,unknown
2609,ice cream,adult,unknown
2610,ice cream,adult,unknown
2611,ice cream,adult,unknown
2612,ice cream,adult,unknown
2613,ice cream,adult,unknown
2614,ice cream,adult,unknown
2615,ice cream,adult,unknown
2616,ice cream,adult,unknown
2617,ice cream,adult,unknown
2618,ice cream,adult,unknown
2619,ice cream,adult,unknown
2620,ice cream,adult,unknown
2621,ice cream,adult,unknown
2622,ice cream,adult,unknown
2623,ice cream,adult,unknown
2624,ice cream,adult,unknown
2625,ice cream,adult,unknown
2626,ice cream,adult,unknown
2627,ice cream,adult,unknown
2628,ice cream,adult,unknown
2629,ice cream,adult,unknown
2630,ice cream,adult,unknown
2631,ice cream,adult,unknown
2632,ice cream,adult,unknown
2633,ice cream,adult,unknown
2634,ice cream,adult,unknown
2635,ice cream,adult,unknown
2636,ice cream,adult,unknown
2637,ice cream,adult,unknown
2638,ice cream,adult,unknown
2639,ice cream,adult,unknown
2640,ice cream,adult,unknown
2641,ice cream,adult,unknown
2642,ice cream,adult,unknown
2643,ice cream,adult,unknown
2644,ice cream,adult,unknown
2645,ice cream,adult,unknown
2646,ice cream,adult,unknown
2647,ice cream,adult,unknown
2648,ice cream,adult,unknown
2649,ice cream,adult,unknown
2650,ice cream,adult,unknown
2651,ice cream,adult,unknown
2652,ice cream,adult,unknown
2653,ice cream,adult,unknown
2654,ice cream,adult,unknown
2655,ice cream,adult,unknown
2656,ice cream,adult,unknown
2657,ice cream,adult,unknown
2658,ice cream,adult,unknown
2659,ice cream,adult,unknown
2660,ice cream,adult,unknown
2661,ice cream,adult,unknown
2662,ice cream,adult,unknown
2663,ice cream,adult,unknown
2664,ice cream,adult,unknown
2665,ice cream,adult,unknown
2666,ice cream,adult,unknown
2667,ice cream,adult,unknown
2668,ice cream,adult,unknown
2669,ice cream,adult,unknown
2670,ice cream,adult,unknown
2671,ice cream,adult,unknown
2672,ice cream,adult,unknown
2673,ice cream,adult,unknown
2674,ice cream,adult,unknown
2675,ice cream,adult,unknown
2676,ice cream,adult,unknown
2677,ice cream,adult,unknown
2678,ice cream,adult,unknown
2679,ice cream,adult,unknown
2680,ice cream,adult,unknown
2681,ice cream,adult,unknown
2682,ice cream,adult,unknown
2683,ice cream,adult,unknown
2684,ice cream,adult,unknown
2685,ice cream,adult,unknown
2686,ice cream,adult,unknown
2687,ice cream,adult,unknown
2688,ice cream,adult,unknown
2689,ice cream,adult,unknown
2690,ice cream,adult,unknown
2691,ice cream,adult,unknown
2692,ice cream,adult,unknown
2693,ice cream,adult,unknown
2694,ice cream,adult,unknown
2695,ice cream,adult,unknown
2696,ice cream,adult,unknown
2697,ice cream,adult,unknown
2698,ice cream,adult,unknown
2699,ice cream,adult,unknown
2700,keys,adult,unknown
2701,keys,adult,unknown
2702,keys,adult,unknown
2703,keys,adult,unknown
2704,keys,adult,unknown
2705,keys,adult,unknown
2706,keys,adult,unknown
2707,keys,adult,unknown
2708,keys,adult,unknown
2709,keys,adult,unknown
2710,keys,adult,unknown
2711,keys,adult,unknown
2712,keys,adult,unknown
2713,keys,adult,unknown
2714,keys,adult,unknown
2715,keys,adult,unknown
2716,keys,adult,unknown
2717,keys,adult,unknown
2718,keys,adult,unknown
2719,keys,adult,unknown
2720,keys,adult,unknown
2721,keys,adult,unknown
2722,keys,adult,unknown
2723,keys,adult,unknown
2724,keys,adult,unknown
2725,keys,adult,unknown
2726,keys,adult,unknown
2727,keys,adult,unknown
2728,keys,adult,unknown
2729,keys,adult,unknown
2730,keys,adult,unknown
2731,keys,adult,unknown
2732,keys,adult,unknown
2733,keys,adult,unknown
2734,keys,adult,unknown
2735,keys,adult,unknown
2736,keys,adult,unknown
2737,keys,adult,unknown
2738,keys,adult,unknown
2739,keys,adult,unknown
2740,keys,adult,unknown
2741,keys,adult,unknown
2742,keys,adult,unknown
2743,keys,adult,unknown
2744,keys,adult,unknown
2745,keys,adult,unknown
2746,keys,adult,unknown
2747,keys,adult,unknown
2748,keys,adult,unknown
2749,keys,adult,unknown
2750,keys,adult,unknown
2751,keys,adult,unknown
2752,keys,adult,unknown
2753,keys,adult,unknown
2754,keys,adult,unknown
2755,keys,adult,unknown
2756,keys,adult,unknown
2757,keys,adult,unknown
2758,keys,adult,unknown
2759,keys,adult,unknown
2760,keys,adult,unknown
2761,keys,adult,unknown
2762,keys,adult,unknown
2763,keys,adult,unknown
2764,keys,adult,unknown
2765,keys,adult,unknown
2766,keys,adult,unknown
2767,keys,adult,unknown
2768,keys,adult,unknown
2769,keys,adult,unknown
2770,keys,adult,unknown
2771,keys,adult,unknown
2772,keys,adult,unknown
2773,keys,adult,unknown
2774,keys,adult,unknown
2775,keys,adult,unknown
2776,keys,adult,unknown
2777,keys,adult,unknown
2778,keys,adult,unknown
2779,keys,adult,unknown
2780,keys,adult,unknown
2781,keys,adult,unknown
2782,keys,adult,unknown
2783,keys,adult,unknown
2784,keys,adult,unknown
2785,keys,adult,unknown
2786,keys,adult,unknown
2787,keys,adult,unknown
2788,keys,adult,unknown
2789,keys,adult,unknown
2790,keys,adult,unknown
2791,keys,adult,unknown
2792,keys,adult,unknown
2793,keys,adult,unknown
2794,keys,adult,unknown
2795,keys,adult,unknown
2796,keys,adult,unknown
2797,keys,adult,unknown
2798,keys,adult,unknown
2799,keys,adult,unknown
2800,mushroom,adult,unknown
2801,mushroom,adult,unknown
2802,mushroom,adult,unknown
2803,mushroom,adult,unknown
2804,mushroom,adult,unknown
2805,mushroom,adult,unknown
2806,mushroom,adult,unknown
2807,mushroom,adult,unknown
2808,mushroom,adult,unknown
2809,mushroom,adult,unknown
2810,mushroom,adult,unknown
2811,mushroom,adult,unknown
2812,mushroom,adult,unknown
2813,mushroom,adult,unknown
2814,mushroom,adult,unknown
2815,mushroom,adult,unknown
2816,mushroom,adult,unknown
2817,mushroom,adult,unknown
2818,mushroom,adult,unknown
2819,mushroom,adult,unknown
2820,mushroom,adult,unknown
2821,mushroom,adult,unknown
2822,mushroom,adult,unknown
2823,mushroom,adult,unknown
2824,mushroom,adult,unknown
2825,mushroom,adult,unknown
2826,mushroom,adult,unknown
2827,mushroom,adult,unknown
2828,mushroom,adult,unknown
2829,mushroom,adult,unknown
2830,mushroom,adult,unknown
2831,mushroom,adult,unknown
2832,mushroom,adult,unknown
2833,mushroom,adult,unknown
2834,mushroom,adult,unknown
2835,mushroom,adult,unknown
2836,mushroom,adult,unknown
2837,mushroom,adult,unknown
2838,mushroom,adult,unknown
2839,mushroom,adult,unknown
2840,mushroom,adult,unknown
2841,mushroom,adult,unknown
2842,mushroom,adult,unknown
2843,mushroom,adult,unknown
2844,mushroom,adult,unknown
2845,mushroom,adult,unknown
2846,mushroom,adult,unknown
2847,mushroom,adult,unknown
2848,mushroom,adult,unknown
2849,mushroom,adult,unknown
2850,mushroom,adult,unknown
2851,mushroom,adult,unknown
2852,mushroom,adult,unknown
2853,mushroom,adult,unknown
2854,mushroom,adult,unknown
2855,mushroom,adult,unknown
2856,mushroom,adult,unknown
2857,mushroom,adult,unknown
2858,mushroom,adult,unknown
2859,mushroom,adult,unknown
2860,mushroom,adult,unknown
2861,mushroom,adult,unknown
2862,mushroom,adult,unknown
2863,mushroom,adult,unknown
2864,mushroom,adult,unknown
2865,mushroom,adult,unknown
2866,mushroom,adult,unknown
2867,mushroom,adult,unknown
2868,mushroom,adult,unknown
2869,mushroom,adult,unknown
2870,mushroom,adult,unknown
2871,mushroom,adult,unknown
2872,mushroom,adult,unknown
2873,mushroom,adult,unknown
2874,mushroom,adult,unknown
2875,mushroom,adult,unknown
2876,mushroom,adult,unknown
2877,mushroom,adult,unknown
2878,mushroom,adult,unknown
2879,mushroom,adult,unknown
2880,mushroom,adult,unknown
2881,mushroom,adult,unknown
2882,mushroom,adult,unknown
2883,mushroom,adult,unknown
2884,mushroom,adult,unknown
2885,mushroom,adult,unknown
2886,mushroom,adult,unknown
2887,mushroom,adult,unknown
2888,mushroom,adult,unknown
2889,mushroom,adult,unknown
2890,mushroom,adult,unknown
2891,mushroom,adult,unknown
2892,mushroom,adult,unknown
2893,mushroom,adult,unknown
2894,mushroom,adult,unknown
2895,mushroom,adult,unknown
2896,mushroom,adult,unknown
2897,mushroom,adult,unknown
2898,mushroom,adult,unknown
2899,mushroom,adult,unknown
2900,phone,adult,unknown
2901,phone,adult,unknown
2902,phone,adult,unknown
2903,phone,adult,unknown
2904,phone,adult,unknown
2905,phone,adult,unknown
2906,phone,adult,unknown
2907,phone,adult,unknown
2908,phone,adult,unknown
2909,phone,adult,unknown
2910,phone,adult,unknown
2911,phone,adult,unknown
2912,phone,adult,unknown
2913,phone,adult,unknown
2914,phone,adult,unknown
2915,phone,adult,unknown
2916,phone,adult,unknown
2917,phone,adult,unknown
2918,phone,adult,unknown
2919,phone,adult,unknown
2920,phone,adult,unknown
2921,phone,adult,unknown
2922,phone,adult,unknown
2923,phone,adult,unknown
2924,phone,adult,unknown
2925,phone,adult,unknown
2926,phone,adult,unknown
2927,phone,adult,unknown
2928,phone,adult,unknown
2929,phone,adult,unknown
2930,phone,adult,unknown
2931,phone,adult,unknown
2932,phone,adult,unknown
2933,phone,adult,unknown
2934,phone,adult,unknown
2935,phone,adult,unknown
2936,phone,adult,unknown
2937,phone,adult,unknown
2938,phone,adult,unknown
2939,phone,adult,unknown
2940,phone,adult,unknown
2941,phone,adult,unknown
2942,phone,adult,unknown
2943,phone,adult,unknown
2944,phone,adult,unknown
2945,phone,adult,unknown
2946,phone,adult,unknown
2947,phone,adult,unknown
2948,phone,adult,unknown
2949,phone,adult,unknown
2950,phone,adult,unknown
2951,phone,adult,unknown
2952,phone,adult,unknown
2953,phone,adult,unknown
2954,phone,adult,unknown
2955,phone,adult,unknown
2956,phone,adult,unknown
2957,phone,adult,unknown
2958,phone,adult,unknown
2959,phone,adult,unknown
2960,phone,adult,unknown
2961,phone,adult,unknown
2962,phone,adult,unknown
2963,phone,adult,unknown
2964,phone,adult,unknown
2965,phone,adult,unknown
2966,phone,adult,unknown
2967,phone,adult,unknown
2968,phone,adult,unknown
2969,phone,adult,unknown
2970,phone,adult,unknown
2971,phone,adult,unknown
2972,phone,adult,unknown
2973,phone,adult,unknown
2974,phone,adult,unknown
2975,phone,adult,unknown
2976,phone,adult,unknown
2977,phone,adult,unknown
2978,phone,adult,unknown
2979,phone,adult,unknown
2980,phone,adult,unknown
2981,phone,adult,unknown
2982,phone,adult,unknown
2983,phone,adult,unknown
2984,phone,adult,unknown
2985,phone,adult,unknown
2986,phone,adult,unknown
2987,phone,adult,unknown
2988,phone,adult,unknown
2989,phone,adult,unknown
2990,phone,adult,unknown
2991,phone,adult,unknown
2992,phone,adult,unknown
2993,phone,adult,unknown
2994,phone,adult,unknown
2995,phone,adult,unknown
2996,phone,adult,unknown
2997,phone,adult,unknown
2998,phone,adult,unknown
2999,phone,adult,unknown
3000,piano,adult,unknown
3001,piano,adult,unknown
3002,piano,adult,unknown
3003,piano,adult,unknown
3004,piano,adult,unknown
3005,piano,adult,unknown
3006,piano,adult,unknown
3007,piano,adult,unknown
3008,piano,adult,unknown
3009,piano,adult,unknown
3010,piano,adult,unknown
3011,piano,adult,unknown
3012,piano,adult,unknown
3013,piano,adult,unknown
3014,piano,adult,unknown
3015,piano,adult,unknown
3016,piano,adult,unknown
3017,piano,adult,unknown
3018,piano,adult,unknown
3019,piano,adult,unknown
3020,piano,adult,unknown
3021,piano,adult,unknown
3022,piano,adult,unknown
3023,piano,adult,unknown
3024,piano,adult,unknown
3025,piano,adult,unknown
3026,piano,adult,unknown
3027,piano,adult,unknown
3028,piano,adult,unknown
3029,piano,adult,unknown
3030,piano,adult,unknown
3031,piano,adult,unknown
3032,piano,adult,unknown
3033,piano,adult,unknown
3034,piano,adult,unknown
3035,piano,adult,unknown
3036,piano,adult,unknown
3037,piano,adult,unknown
3038,piano,adult,unknown
3039,piano,adult,unknown
3040,piano,adult,unknown
3041,piano,adult,unknown
3042,piano,adult,unknown
3043,piano,adult,unknown
3044,piano,adult,unknown
3045,piano,adult,unknown
3046,piano,adult,unknown
3047,piano,adult,unknown
3048,piano,adult,unknown
3049,piano,adult,unknown
3050,piano,adult,unknown
3051,piano,adult,unknown
3052,piano,adult,unknown
3053,piano,adult,unknown
3054,piano,adult,unknown
3055,piano,adult,unknown
3056,piano,adult,unknown
3057,piano,adult,unknown
3058,piano,adult,unknown
3059,piano,adult,unknown
3060,piano,adult,unknown
3061,piano,adult,unknown
3062,piano,adult,unknown
3063,piano,adult,unknown
3064,piano,adult,unknown
3065,piano,adult,unknown
3066,piano,adult,unknown
3067,piano,adult,unknown
3068,piano,adult,unknown
3069,piano,adult,unknown
3070,piano,adult,unknown
3071,piano,adult,unknown
3072,piano,adult,unknown
3073,piano,adult,unknown
3074,piano,adult,unknown
3075,piano,adult,unknown
3076,piano,adult,unknown
3077,piano,adult,unknown
3078,piano,adult,unknown
3079,piano,adult,unknown
3080,piano,adult,unknown
3081,piano,adult,unknown
3082,piano,adult,unknown
3083,piano,adult,unknown
3084,piano,adult,unknown
3085,piano,adult,unknown
3086,piano,adult,unknown
3087,piano,adult,unknown
3088,piano,adult,unknown
3089,piano,adult,unknown
3090,piano,adult,unknown
3091,piano,adult,unknown
3092,piano,adult,unknown
3093,piano,adult,unknown
3094,piano,adult,unknown
3095,piano,adult,unknown
3096,piano,adult,unknown
3097,piano,adult,unknown
3098,piano,adult,unknown
3099,piano,adult,unknown
3100,rabbit,adult,unknown
3101,rabbit,adult,unknown
3102,rabbit,adult,unknown
3103,rabbit,adult,unknown
3104,rabbit,adult,unknown
3105,rabbit,adult,unknown
3106,rabbit,adult,unknown
3107,rabbit,adult,unknown
3108,rabbit,adult,unknown
3109,rabbit,adult,unknown
3110,rabbit,adult,unknown
3111,rabbit,adult,unknown
3112,rabbit,adult,unknown
3113,rabbit,adult,unknown
3114,rabbit,adult,unknown
3115,rabbit,adult,unknown
3116,rabbit,adult,unknown
3117,rabbit,adult,unknown
3118,rabbit,adult,unknown
3119,rabbit,adult,unknown
3120,rabbit,adult,unknown
3121,rabbit,adult,unknown
3122,rabbit,adult,unknown
3123,rabbit,adult,unknown
3124,rabbit,adult,unknown
3125,rabbit,adult,unknown
3126,rabbit,adult,unknown
3127,rabbit,adult,unknown
3128,rabbit,adult,unknown
3129,rabbit,adult,unknown
3130,rabbit,adult,unknown
3131,rabbit,adult,unknown
3132,rabbit,adult,unknown
3133,rabbit,adult,unknown
3134,rabbit,adult,unknown
3135,rabbit,adult,unknown
3136,rabbit,adult,unknown
3137,rabbit,adult,unknown
3138,rabbit,adult,unknown
3139,rabbit,adult,unknown
3140,rabbit,adult,unknown
3141,rabbit,adult,unknown
3142,rabbit,adult,unknown
3143,rabbit,adult,unknown
3144,rabbit,adult,unknown
3145,rabbit,adult,unknown
3146,rabbit,adult,unknown
3147,rabbit,adult,unknown
3148,rabbit,adult,unknown
3149,rabbit,adult,unknown
3150,rabbit,adult,unknown
3151,rabbit,adult,unknown
3152,rabbit,adult,unknown
3153,rabbit,adult,unknown
3154,rabbit,adult,unknown
3155,rabbit,adult,unknown
3156,rabbit,adult,unknown
3157,rabbit,adult,unknown
3158,rabbit,adult,unknown
3159,rabbit,adult,unknown
3160,rabbit,adult,unknown
3161,rabbit,adult,unknown
3162,rabbit,adult,unknown
3163,rabbit,adult,unknown
3164,rabbit,adult,unknown
3165,rabbit,adult,unknown
3166,rabbit,adult,unknown
3167,rabbit,adult,unknown
3168,rabbit,adult,unknown
3169,rabbit,adult,unknown
3170,rabbit,adult,unknown
3171,rabbit,adult,unknown
3172,rabbit,adult,unknown
3173,rabbit,adult,unknown
3174,rabbit,adult,unknown
3175,rabbit,adult,unknown
3176,rabbit,adult,unknown
3177,rabbit,adult,unknown
3178,rabbit,adult,unknown
3179,rabbit,adult,unknown
3180,rabbit,adult,unknown
3181,rabbit,adult,unknown
3182,rabbit,adult,unknown
3183,rabbit,adult,unknown
3184,rabbit,adult,unknown
3185,rabbit,adult,unknown
3186,rabbit,adult,unknown
3187,rabbit,adult,unknown
3188,rabbit,adult,unknown
3189,rabbit,adult,unknown
3190,rabbit,adult,unknown
3191,rabbit,adult,unknown
3192,rabbit,adult,unknown
3193,rabbit,adult,unknown
3194,rabbit,adult,unknown
3195,rabbit,adult,unknown
3196,rabbit,adult,unknown
3197,rabbit,adult,unknown
3198,rabbit,adult,unknown
3199,rabbit,adult,unknown
3200,shark,adult,unknown
3201,shark,adult,unknown
3202,shark,adult,unknown
3203,shark,adult,unknown
3204,shark,adult,unknown
3205,shark,adult,unknown
3206,shark,adult,unknown
3207,shark,adult,unknown
3208,shark,adult,unknown
3209,shark,adult,unknown
3210,shark,adult,unknown
3211,shark,adult,unknown
3212,shark,adult,unknown
3213,shark,adult,unknown
3214,shark,adult,unknown
3215,shark,adult,unknown
3216,shark,adult,unknown
3217,shark,adult,unknown
3218,shark,adult,unknown
3219,shark,adult,unknown
3220,shark,adult,unknown
3221,shark,adult,unknown
3222,shark,adult,unknown
3223,shark,adult,unknown
3224,shark,adult,unknown
3225,shark,adult,unknown
3226,shark,adult,unknown
3227,shark,adult,unknown
3228,shark,adult,unknown
3229,shark,adult,unknown
3230,shark,adult,unknown
3231,shark,adult,unknown
3232,shark,adult,unknown
3233,shark,adult,unknown
3234,shark,adult,unknown
3235,shark,adult,unknown
3236,shark,adult,unknown
3237,shark,adult,unknown
3238,shark,adult,unknown
3239,shark,adult,unknown
3240,shark,adult,unknown
3241,shark,adult,unknown
3242,shark,adult,unknown
3243,shark,adult,unknown
3244,shark,adult,unknown
3245,shark,adult,unknown
3246,shark,adult,unknown
3247,shark,adult,unknown
3248,shark,adult,unknown
3249,shark,adult,unknown
3250,shark,adult,unknown
3251,shark,adult,unknown
3252,shark,adult,unknown
3253,shark,adult,unknown
3254,shark,adult,unknown
3255,shark,adult,unknown
3256,shark,adult,unknown
3257,shark,adult,unknown
3258,shark,adult,unknown
3259,shark,adult,unknown
3260,shark,adult,unknown
3261,shark,adult,unknown
3262,shark,adult,unknown
3263,shark,adult,unknown
3264,shark,adult,unknown
3265,shark,adult,unknown
3266,shark,adult,unknown
3267,shark,adult,unknown
3268,shark,adult,unknown
3269,shark,adult,unknown
3270,shark,adult,unknown
3271,shark,adult,unknown
3272,shark,adult,unknown
3273,shark,adult,unknown
3274,shark,adult,unknown
3275,shark,adult,unknown
3276,shark,adult,unknown
3277,shark,adult,unknown
3278,shark,adult,unknown
3279,shark,adult,unknown
3280,shark,adult,unknown
3281,shark,adult,unknown
3282,shark,adult,unknown
3283,shark,adult,unknown
3284,shark,adult,unknown
3285,shark,adult,unknown
3286,shark,adult,unknown
3287,shark,adult,unknown
3288,shark,adult,unknown
3289,shark,adult,unknown
3290,shark,adult,unknown
3291,shark,adult,unknown
3292,shark,adult,unknown
3293,shark,adult,unknown
3294,shark,adult,unknown
3295,shark,adult,unknown
3296,shark,adult,unknown
3297,shark,adult,unknown
3298,shark,adult,unknown
3299,shark,adult,unknown
3300,sheep,adult,unknown
3301,sheep,adult,unknown
3302,sheep,adult,unknown
3303,sheep,adult,unknown
3304,sheep,adult,unknown
3305,sheep,adult,unknown
3306,sheep,adult,unknown
3307,sheep,adult,unknown
3308,sheep,adult,unknown
3309,sheep,adult,unknown
3310,sheep,adult,unknown
3311,sheep,adult,unknown
3312,sheep,adult,unknown
3313,sheep,adult,unknown
3314,sheep,adult,unknown
3315,sheep,adult,unknown
3316,sheep,adult,unknown
3317,sheep,adult,unknown
3318,sheep,adult,unknown
3319,sheep,adult,unknown
3320,sheep,adult,unknown
3321,sheep,adult,unknown
3322,sheep,adult,unknown
3323,sheep,adult,unknown
3324,sheep,adult,unknown
3325,sheep,adult,unknown
3326,sheep,adult,unknown
3327,sheep,adult,unknown
3328,sheep,adult,unknown
3329,sheep,adult,unknown
3330,sheep,adult,unknown
3331,sheep,adult,unknown
3332,sheep,adult,unknown
3333,sheep,adult,unknown
3334,sheep,adult,unknown
3335,sheep,adult,unknown
3336,sheep,adult,unknown
3337,sheep,adult,unknown
3338,sheep,adult,unknown
3339,sheep,adult,unknown
3340,sheep,adult,unknown
3341,sheep,adult,unknown
3342,sheep,adult,unknown
3343,sheep,adult,unknown
3344,sheep,adult,unknown
3345,sheep,adult,unknown
3346,sheep,adult,unknown
3347,sheep,adult,unknown
3348,sheep,adult,unknown
3349,sheep,adult,unknown
3350,sheep,adult,unknown
3351,sheep,adult,unknown
3352,sheep,adult,unknown
3353,sheep,adult,unknown
3354,sheep,adult,unknown
3355,sheep,adult,unknown
3356,sheep,adult,unknown
3357,sheep,adult,unknown
3358,sheep,adult,unknown
3359,sheep,adult,unknown
3360,sheep,adult,unknown
3361,sheep,adult,unknown
3362,sheep,adult,unknown
3363,sheep,adult,unknown
3364,sheep,adult,unknown
3365,sheep,adult,unknown
3366,sheep,adult,unknown
3367,sheep,adult,unknown
3368,sheep,adult,unknown
3369,sheep,adult,unknown
3370,sheep,adult,unknown
3371,sheep,adult,unknown
3372,sheep,adult,unknown
3373,sheep,adult,unknown
3374,sheep,adult,unknown
3375,sheep,adult,unknown
3376,sheep,adult,unknown
3377,sheep,adult,unknown
3378,sheep,adult,unknown
3379,sheep,adult,unknown
3380,sheep,adult,unknown
3381,sheep,adult,unknown
3382,sheep,adult,unknown
3383,sheep,adult,unknown
3384,sheep,adult,unknown
3385,sheep,adult,unknown
3386,sheep,adult,unknown
3387,sheep,adult,unknown
3388,sheep,adult,unknown
3389,sheep,adult,unknown
3390,sheep,adult,unknown
3391,sheep,adult,unknown
3392,sheep,adult,unknown
3393,sheep,adult,unknown
3394,sheep,adult,unknown
3395,sheep,adult,unknown
3396,sheep,adult,unknown
3397,sheep,adult,unknown
3398,sheep,adult,unknown
3399,sheep,adult,unknown
3400,shoe,adult,unknown
3401,shoe,adult,unknown
3402,shoe,adult,unknown
3403,shoe,adult,unknown
3404,shoe,adult,unknown
3405,shoe,adult,unknown
3406,shoe,adult,unknown
3407,shoe,adult,unknown
3408,shoe,adult,unknown
3409,shoe,adult,unknown
3410,shoe,adult,unknown
3411,shoe,adult,unknown
3412,shoe,adult,unknown
3413,shoe,adult,unknown
3414,shoe,adult,unknown
3415,shoe,adult,unknown
3416,shoe,adult,unknown
3417,shoe,adult,unknown
3418,shoe,adult,unknown
3419,shoe,adult,unknown
3420,shoe,adult,unknown
3421,shoe,adult,unknown
3422,shoe,adult,unknown
3423,shoe,adult,unknown
3424,shoe,adult,unknown
3425,shoe,adult,unknown
3426,shoe,adult,unknown
3427,shoe,adult,unknown
3428,shoe,adult,unknown
3429,shoe,adult,unknown
3430,shoe,adult,unknown
3431,shoe,adult,unknown
3432,shoe,adult,unknown
3433,shoe,adult,unknown
3434,shoe,adult,unknown
3435,shoe,adult,unknown
3436,shoe,adult,unknown
3437,shoe,adult,unknown
3438,shoe,adult,unknown
3439,shoe,adult,unknown
3440,shoe,adult,unknown
3441,shoe,adult,unknown
3442,shoe,adult,unknown
3443,shoe,adult,unknown
3444,shoe,adult,unknown
3445,shoe,adult,unknown
3446,shoe,adult,unknown
3447,shoe,adult,unknown
3448,shoe,adult,unknown
3449,shoe,adult,unknown
3450,shoe,adult,unknown
3451,shoe,adult,unknown
3452,shoe,adult,unknown
3453,shoe,adult,unknown
3454,shoe,adult,unknown
3455,shoe,adult,unknown
3456,shoe,adult,unknown
3457,shoe,adult,unknown
3458,shoe,adult,unknown
3459,shoe,adult,unknown
3460,shoe,adult,unknown
3461,shoe,adult,unknown
3462,shoe,adult,unknown
3463,shoe,adult,unknown
3464,shoe,adult,unknown
3465,shoe,adult,unknown
3466,shoe,adult,unknown
3467,shoe,adult,unknown
3468,shoe,adult,unknown
3469,shoe,adult,unknown
3470,shoe,adult,unknown
3471,shoe,adult,unknown
3472,shoe,adult,unknown
3473,shoe,adult,unknown
3474,shoe,adult,unknown
3475,shoe,adult,unknown
3476,shoe,adult,unknown
3477,shoe,adult,unknown
3478,shoe,adult,unknown
3479,shoe,adult,unknown
3480,shoe,adult,unknown
3481,shoe,adult,unknown
3482,shoe,adult,unknown
3483,shoe,adult,unknown
3484,shoe,adult,unknown
3485,shoe,adult,unknown
3486,shoe,adult,unknown
3487,shoe,adult,unknown
3488,shoe,adult,unknown
3489,shoe,adult,unknown
3490,shoe,adult,unknown
3491,shoe,adult,unknown
3492,shoe,adult,unknown
3493,shoe,adult,unknown
3494,shoe,adult,unknown
3495,shoe,adult,unknown
3496,shoe,adult,unknown
3497,shoe,adult,unknown
3498,shoe,adult,unknown
3499,shoe,adult,unknown
3500,spider,adult,unknown
3501,spider,adult,unknown
3502,spider,adult,unknown
3503,spider,adult,unknown
3504,spider,adult,unknown
3505,spider,adult,unknown
3506,spider,adult,unknown
3507,spider,adult,unknown
3508,spider,adult,unknown
3509,spider,adult,unknown
3510,spider,adult,unknown
3511,spider,adult,unknown
3512,spider,adult,unknown
3513,spider,adult,unknown
3514,spider,adult,unknown
3515,spider,adult,unknown
3516,spider,adult,unknown
3517,spider,adult,unknown
3518,spider,adult,unknown
3519,spider,adult,unknown
3520,spider,adult,unknown
3521,spider,adult,unknown
3522,spider,adult,unknown
3523,spider,adult,unknown
3524,spider,adult,unknown
3525,spider,adult,unknown
3526,spider,adult,unknown
3527,spider,adult,unknown
3528,spider,adult,unknown
3529,spider,adult,unknown
3530,spider,adult,unknown
3531,spider,adult,unknown
3532,spider,adult,unknown
3533,spider,adult,unknown
3534,spider,adult,unknown
3535,spider,adult,unknown
3536,spider,adult,unknown
3537,spider,adult,unknown
3538,spider,adult,unknown
3539,spider,adult,unknown
3540,spider,adult,unknown
3541,spider,adult,unknown
3542,spider,adult,unknown
3543,spider,adult,unknown
3544,spider,adult,unknown
3545,spider,adult,unknown
3546,spider,adult,unknown
3547,spider,adult,unknown
3548,spider,adult,unknown
3549,spider,adult,unknown
3550,spider,adult,unknown
3551,spider,adult,unknown
3552,spider,adult,unknown
3553,spider,adult,unknown
3554,spider,adult,unknown
3555,spider,adult,unknown
3556,spider,adult,unknown
3557,spider,adult,unknown
3558,spider,adult,unknown
3559,spider,adult,unknown
3560,spider,adult,unknown
3561,spider,adult,unknown
3562,spider,adult,unknown
3563,spider,adult,unknown
3564,spider,adult,unknown
3565,spider,adult,unknown
3566,spider,adult,unknown
3567,spider,adult,unknown
3568,spider,adult,unknown
3569,spider,adult,unknown
3570,spider,adult,unknown
3571,spider,adult,unknown
3572,spider,adult,unknown
3573,spider,adult,unknown
3574,spider,adult,unknown
3575,spider,adult,unknown
3576,spider,adult,unknown
3577,spider,adult,unknown
3578,spider,adult,unknown
3579,spider,adult,unknown
3580,spider,adult,unknown
3581,spider,adult,unknown
3582,spider,adult,unknown
3583,spider,adult,unknown
3584,spider,adult,unknown
3585,spider,adult,unknown
3586,spider,adult,unknown
3587,spider,adult,unknown
3588,spider,adult,unknown
3589,spider,adult,unknown
3590,spider,adult,unknown
3591,spider,adult,unknown
3592,spider,adult,unknown
3593,spider,adult,unknown
3594,spider,adult,unknown
3595,spider,adult,unknown
3596,spider,adult,unknown
3597,spider,adult,unknown
3598,spider,adult,unknown
3599,spider,adult,unknown
3600,table,adult,unknown
3601,table,adult,unknown
3602,table,adult,unknown
3603,table,adult,unknown
3604,table,adult,unknown
3605,table,adult,unknown
3606,table,adult,unknown
3607,table,adult,unknown
3608,table,adult,unknown
3609,table,adult,unknown
3610,table,adult,unknown
3611,table,adult,unknown
3612,table,adult,unknown
3613,table,adult,unknown
3614,table,adult,unknown
3615,table,adult,unknown
3616,table,adult,unknown
3617,table,adult,unknown
3618,table,adult,unknown
3619,table,adult,unknown
3620,table,adult,unknown
3621,table,adult,unknown
3622,table,adult,unknown
3623,table,adult,unknown
3624,table,adult,unknown
3625,table,adult,unknown
3626,table,adult,unknown
3627,table,adult,unknown
3628,table,adult,unknown
3629,table,adult,unknown
3630,table,adult,unknown
3631,table,adult,unknown
3632,table,adult,unknown
3633,table,adult,unknown
3634,table,adult,unknown
3635,table,adult,unknown
3636,table,adult,unknown
3637,table,adult,unknown
3638,table,adult,unknown
3639,table,adult,unknown
3640,table,adult,unknown
3641,table,adult,unknown
3642,table,adult,unknown
3643,table,adult,unknown
3644,table,adult,unknown
3645,table,adult,unknown
3646,table,adult,unknown
3647,table,adult,unknown
3648,table,adult,unknown
3649,table,adult,unknown
3650,table,adult,unknown
3651,table,adult,unknown
3652,table,adult,unknown
3653,table,adult,unknown
3654,table,adult,unknown
3655,table,adult,unknown
3656,table,adult,unknown
3657,table,adult,unknown
3658,table,adult,unknown
3659,table,adult,unknown
3660,table,adult,unknown
3661,table,adult,unknown
3662,table,adult,unknown
3663,table,adult,unknown
3664,table,adult,unknown
3665,table,adult,unknown
3666,table,adult,unknown
3667,table,adult,unknown
3668,table,adult,unknown
3669,table,adult,unknown
3670,table,adult,unknown
3671,table,adult,unknown
3672,table,adult,unknown
3673,table,adult,unknown
3674,table,adult,unknown
3675,table,adult,unknown
3676,table,adult,unknown
3677,table,adult,unknown
3678,table,adult,unknown
3679,table,adult,unknown
3680,table,adult,unknown
3681,table,adult,unknown
3682,table,adult,unknown
3683,table,adult,unknown
3684,table,adult,unknown
3685,table,adult,unknown
3686,table,adult,unknown
3687,table,adult,unknown
3688,table,adult,unknown
3689,table,adult,unknown
3690,table,adult,unknown
3691,table,adult,unknown
3692,table,adult,unknown
3693,table,adult,unknown
3694,table,adult,unknown
3695,table,adult,unknown
3696,table,adult,unknown
3697,table,adult,unknown
3698,table,adult,unknown
3699,table,adult,unknown
3700,train,adult,unknown
3701,train,adult,unknown
3702,train,adult,unknown
3703,train,adult,unknown
3704,train,adult,unknown
3705,train,adult,unknown
3706,train,adult,unknown
3707,train,adult,unknown
3708,train,adult,unknown
3709,train,adult,unknown
3710,train,adult,unknown
3711,train,adult,unknown
3712,train,adult,unknown
3713,train,adult,unknown
3714,train,adult,unknown
3715,train,adult,unknown
3716,train,adult,unknown
3717,train,adult,unknown
3718,train,adult,unknown
3719,train,adult,unknown
3720,train,adult,unknown
3721,train,adult,unknown
3722,train,adult,unknown
3723,train,adult,unknown
3724,train,adult,unknown
3725,train,adult,unknown
3726,train,adult,unknown
3727,train,adult,unknown
3728,train,adult,unknown
3729,train,adult,unknown
3730,train,adult,unknown
3731,train,adult,unknown
3732,train,adult,unknown
3733,train,adult,unknown
3734,train,adult,unknown
3735,train,adult,unknown
3736,train,adult,unknown
3737,train,adult,unknown
3738,train,adult,unknown
3739,train,adult,unknown
3740,train,adult,unknown
3741,train,adult,unknown
3742,train,adult,unknown
3743,train,adult,unknown
3744,train,adult,unknown
3745,train,adult,unknown
3746,train,adult,unknown
3747,train,adult,unknown
3748,train,adult,unknown
3749,train,adult,unknown
3750,train,adult,unknown
3751,train,adult,unknown
3752,train,adult,unknown
3753,train,adult,unknown
3754,train,adult,unknown
3755,train,adult,unknown
3756,train,adult,unknown
3757,train,adult,unknown
3758,train,adult,unknown
3759,train,adult,unknown
3760,train,adult,unknown
3761,train,adult,unknown
3762,train,adult,unknown
3763,train,adult,unknown
3764,train,adult,unknown
3765,train,adult,unknown
3766,train,adult,unknown
3767,train,adult,unknown
3768,train,adult,unknown
3769,train,adult,unknown
3770,train,adult,unknown
3771,train,adult,unknown
3772,train,adult,unknown
3773,train,adult,unknown
3774,train,adult,unknown
3775,train,adult,unknown
3776,train,adult,unknown
3777,train,adult,unknown
3778,train,adult,unknown
3779,train,adult,unknown
3780,train,adult,unknown
3781,train,adult,unknown
3782,train,adult,unknown
3783,train,adult,unknown
3784,train,adult,unknown
3785,train,adult,unknown
3786,train,adult,unknown
3787,train,adult,unknown
3788,train,adult,unknown
3789,train,adult,unknown
3790,train,adult,unknown
3791,train,adult,unknown
3792,train,adult,unknown
3793,train,adult,unknown
3794,train,adult,unknown
3795,train,adult,unknown
3796,train,adult,unknown
3797,train,adult,unknown
3798,train,adult,unknown
3799,train,adult,unknown
